employee_id,job_title,experience_level,education_level,employment_type,location,company_size,salary,primary_skill,department,performance_rating,age
1,DevOps Engineer,Senior,Master's,Full-time,Seattle,Medium,>=125000,C++,HR,2,43
2,Software Engineer,Mid,PhD,Full-time,Los Angeles,Large,>=75000,Machine Learning,Operations,1,32
3,Software Engineer,Entry,PhD,Full-time,New York,Medium,>=50000,Machine Learning,R&D,1,38
4,Software Engineer,Entry,PhD,Contract,Los Angeles,Medium,>=50000,Data Visualization,HR,3,23
5,Data Analyst,Senior,Master's,Contract,New York,Large,>=125000,Machine Learning,HR,3,32
6,Data Analyst,Mid,Master's,Part-time,Austin,Small,>=100000,Cloud,HR,3,54
7,Web Developer,Entry,Bachelor's,Contract,New York,Small,>=75000,Project Management,IT,3,58
8,AI Researcher,Entry,Diploma,Part-time,New York,Medium,>=50000,C++,IT,2,51
9,Data Engineer,Mid,Diploma,Contract,New York,Small,>=75000,Python,R&D,1,46
10,AI Researcher,Entry,Bachelor's,Part-time,Seattle,Small,>=50000,Java,Operations,5,42
11,System Admin,Mid,PhD,Contract,Boston,Small,>=75000,Machine Learning,HR,1,40
12,DevOps Engineer,Entry,Diploma,Contract,Remote,Large,>=50000,Machine Learning,Operations,1,54
13,Software Engineer,Senior,Diploma,Full-time,Remote,Small,>=125000,Data Visualization,Product,4,48
14,Data Scientist,Mid,Diploma,Contract,San Jose,Small,>=75000,Cloud,Operations,5,36
15,AI Researcher,Senior,Bachelor's,Full-time,San Francisco,Large,>=150000,Project Management,HR,3,45
16,Product Manager,Entry,Bachelor's,Part-time,Chicago,Medium,>=75000,Java,IT,5,42
17,Data Engineer,Senior,Master's,Part-time,New York,Medium,>=150000,Data Visualization,Product,3,42
18,ML Engineer,Mid,PhD,Contract,New York,Medium,>=100000,Python,Operations,1,53
19,Product Manager,Mid,Diploma,Full-time,San Jose,Large,>=125000,SQL,R&D,1,58
20,Data Analyst,Mid,PhD,Part-time,San Jose,Medium,>=75000,Java,R&D,3,57
21,Data Engineer,Senior,PhD,Full-time,Chicago,Large,>=125000,Deep Learning,Operations,4,38
22,Web Developer,Mid,Diploma,Part-time,Chicago,Medium,>=125000,Python,Analytics,3,46
23,Software Engineer,Senior,Bachelor's,Part-time,San Francisco,Large,>=150000,Project Management,HR,1,30
24,System Admin,Senior,Master's,Part-time,Los Angeles,Small,>=150000,C++,Analytics,4,52
25,AI Researcher,Entry,Bachelor's,Contract,Seattle,Small,>=75000,Project Management,Analytics,3,46
26,AI Researcher,Entry,Bachelor's,Contract,San Jose,Large,>=75000,Project Management,HR,4,41
27,AI Researcher,Senior,Master's,Part-time,Remote,Small,>=125000,Python,Operations,3,35
28,Software Engineer,Entry,PhD,Full-time,Boston,Small,>=50000,Project Management,Operations,3,59
29,System Admin,Entry,Diploma,Full-time,Austin,Large,>=50000,Java,Product,2,26
30,AI Researcher,Senior,Master's,Part-time,Chicago,Large,>=150000,Machine Learning,Analytics,2,25
31,Data Scientist,Entry,PhD,Contract,Austin,Medium,>=50000,SQL,Analytics,1,47
32,AI Researcher,Senior,PhD,Part-time,Remote,Small,>=125000,Python,IT,5,55
33,Data Scientist,Mid,Bachelor's,Part-time,San Jose,Medium,>=100000,DevOps,Product,5,53
34,Web Developer,Entry,Bachelor's,Full-time,Seattle,Large,>=50000,Python,IT,2,60
35,System Admin,Entry,Master's,Full-time,Seattle,Small,>=50000,Cloud,Analytics,2,42
36,Data Scientist,Senior,Bachelor's,Contract,Chicago,Small,>=150000,SQL,IT,3,51
37,Data Engineer,Mid,Diploma,Part-time,San Francisco,Medium,>=100000,Python,Analytics,2,23
38,Software Engineer,Entry,PhD,Contract,Chicago,Medium,>=50000,Project Management,R&D,2,30
39,DevOps Engineer,Senior,Master's,Contract,Seattle,Large,>=150000,Java,Analytics,3,23
40,AI Researcher,Mid,PhD,Part-time,Seattle,Large,>=75000,Project Management,Product,5,28
41,Data Engineer,Entry,Bachelor's,Contract,Boston,Medium,>=50000,Python,Analytics,5,34
42,AI Researcher,Senior,Master's,Full-time,San Francisco,Medium,>=175000,C++,HR,1,49
43,Data Analyst,Senior,Master's,Part-time,Remote,Large,>=150000,Python,IT,4,56
44,Data Engineer,Senior,Bachelor's,Contract,Chicago,Small,>=150000,Data Visualization,Analytics,4,53
45,Data Engineer,Senior,Diploma,Contract,San Francisco,Medium,>=125000,Deep Learning,HR,4,40
46,Data Analyst,Senior,Diploma,Full-time,Seattle,Large,>=150000,Project Management,Operations,2,49
47,Software Engineer,Entry,Bachelor's,Part-time,Remote,Small,>=50000,Python,Operations,1,56
48,System Admin,Mid,Master's,Part-time,New York,Medium,>=100000,Machine Learning,Operations,1,49
49,Data Scientist,Senior,Diploma,Part-time,Los Angeles,Large,>=125000,Java,R&D,4,34
50,Data Engineer,Senior,Diploma,Part-time,New York,Small,>=125000,Cloud,HR,2,44
51,Data Engineer,Entry,PhD,Contract,Boston,Large,>=50000,DevOps,Analytics,5,48
52,Web Developer,Entry,Master's,Contract,Chicago,Medium,>=50000,SQL,Analytics,3,60
53,Web Developer,Entry,Diploma,Contract,Los Angeles,Large,>=50000,Python,Operations,2,51
54,ML Engineer,Senior,Diploma,Part-time,San Jose,Medium,>=150000,Machine Learning,HR,5,60
55,DevOps Engineer,Senior,Master's,Full-time,New York,Small,>=125000,Python,Operations,2,39
56,Data Engineer,Mid,Diploma,Full-time,Austin,Medium,>=100000,Python,Operations,2,34
57,DevOps Engineer,Mid,Master's,Contract,Seattle,Small,>=100000,Java,IT,1,60
58,AI Researcher,Entry,Master's,Full-time,Austin,Small,>=50000,Java,Operations,3,37
59,Product Manager,Mid,Bachelor's,Contract,Chicago,Large,>=100000,Data Visualization,R&D,5,60
60,Software Engineer,Mid,Diploma,Contract,Seattle,Small,>=100000,SQL,Product,1,49
61,DevOps Engineer,Senior,Master's,Contract,Seattle,Medium,>=125000,SQL,Product,2,51
62,AI Researcher,Entry,Diploma,Contract,Los Angeles,Medium,>=50000,Java,IT,5,27
63,DevOps Engineer,Senior,Master's,Contract,Boston,Medium,>=125000,Cloud,Product,1,35
64,AI Researcher,Senior,Master's,Part-time,Seattle,Large,>=175000,Deep Learning,HR,2,34
65,ML Engineer,Mid,Bachelor's,Part-time,Boston,Medium,>=75000,SQL,R&D,4,31
66,AI Researcher,Mid,Diploma,Part-time,Boston,Large,>=75000,SQL,Analytics,1,29
67,Product Manager,Entry,PhD,Part-time,Remote,Large,>=50000,Java,HR,2,42
68,ML Engineer,Mid,PhD,Contract,New York,Small,>=75000,DevOps,R&D,3,35
69,DevOps Engineer,Mid,Master's,Contract,Austin,Medium,>=75000,Java,Operations,4,46
70,System Admin,Mid,PhD,Contract,Boston,Small,>=100000,SQL,IT,3,48
71,AI Researcher,Mid,Bachelor's,Part-time,Austin,Medium,>=75000,Data Visualization,HR,4,37
72,AI Researcher,Senior,Master's,Full-time,San Francisco,Large,>=150000,Python,HR,3,30
73,Data Scientist,Entry,Master's,Contract,New York,Large,>=75000,Deep Learning,HR,1,52
74,Web Developer,Mid,PhD,Full-time,Seattle,Large,>=100000,Machine Learning,IT,2,46
75,Web Developer,Entry,Master's,Full-time,New York,Large,>=75000,Machine Learning,Operations,3,37
76,Software Engineer,Entry,Master's,Full-time,Los Angeles,Large,>=50000,Java,Analytics,3,45
77,Product Manager,Entry,Master's,Part-time,San Francisco,Medium,>=75000,Python,Operations,4,33
78,AI Researcher,Entry,Master's,Full-time,Boston,Small,>=50000,Java,IT,1,25
79,Data Engineer,Senior,PhD,Contract,Austin,Large,>=175000,Python,IT,3,57
80,DevOps Engineer,Entry,Master's,Part-time,San Francisco,Medium,>=50000,Cloud,R&D,3,30
81,Data Analyst,Entry,Diploma,Part-time,New York,Large,>=50000,Machine Learning,Operations,5,24
82,Data Scientist,Senior,PhD,Part-time,Boston,Large,>=150000,Project Management,Operations,2,35
83,DevOps Engineer,Entry,Diploma,Contract,Remote,Medium,>=50000,SQL,Analytics,1,56
84,Data Engineer,Entry,Master's,Full-time,New York,Small,>=50000,Data Visualization,IT,5,26
85,Data Analyst,Senior,Bachelor's,Contract,New York,Small,>=175000,SQL,HR,3,37
86,Web Developer,Mid,Bachelor's,Contract,Los Angeles,Small,>=75000,Data Visualization,Product,4,53
87,ML Engineer,Senior,Master's,Contract,New York,Medium,>=125000,DevOps,Product,2,35
88,DevOps Engineer,Entry,Master's,Full-time,Remote,Medium,>=50000,SQL,HR,5,50
89,AI Researcher,Mid,Bachelor's,Contract,Chicago,Small,>=75000,Machine Learning,Analytics,2,60
90,ML Engineer,Senior,Master's,Part-time,Chicago,Small,>=125000,Cloud,R&D,1,59
91,ML Engineer,Senior,Diploma,Part-time,San Jose,Large,>=150000,Cloud,Operations,3,22
92,DevOps Engineer,Entry,Master's,Part-time,Los Angeles,Small,>=50000,Java,Analytics,5,58
93,Web Developer,Entry,PhD,Contract,Los Angeles,Large,>=50000,Python,R&D,5,43
94,DevOps Engineer,Senior,Diploma,Full-time,San Francisco,Medium,>=150000,DevOps,IT,2,34
95,Data Analyst,Mid,Master's,Contract,Boston,Large,>=100000,Java,HR,2,41
96,ML Engineer,Mid,Master's,Part-time,New York,Large,>=100000,Deep Learning,IT,5,47
97,DevOps Engineer,Mid,PhD,Part-time,Chicago,Large,>=100000,DevOps,HR,1,46
98,Product Manager,Mid,Master's,Contract,Seattle,Small,>=75000,Cloud,R&D,3,43
99,AI Researcher,Entry,Master's,Contract,Austin,Small,>=50000,DevOps,IT,1,51
100,Software Engineer,Mid,Diploma,Contract,Chicago,Medium,>=100000,Project Management,Product,1,25
101,Data Scientist,Entry,Diploma,Contract,Boston,Small,>=75000,DevOps,IT,4,35
102,Product Manager,Mid,Diploma,Contract,San Francisco,Medium,>=100000,Project Management,Operations,2,30
103,Data Engineer,Mid,Master's,Contract,San Jose,Medium,>=100000,DevOps,R&D,4,23
104,Data Analyst,Mid,Bachelor's,Full-time,Seattle,Large,>=75000,Project Management,IT,2,30
105,Data Engineer,Senior,Bachelor's,Part-time,San Jose,Small,>=150000,Machine Learning,Analytics,5,37
106,Web Developer,Senior,PhD,Contract,Austin,Medium,>=125000,Java,R&D,5,28
107,Software Engineer,Entry,PhD,Full-time,Austin,Large,>=50000,Python,Analytics,5,24
108,ML Engineer,Entry,Bachelor's,Contract,Austin,Medium,>=50000,C++,Analytics,1,53
109,AI Researcher,Entry,Bachelor's,Part-time,Seattle,Small,>=50000,Machine Learning,HR,5,35
110,AI Researcher,Mid,Diploma,Part-time,San Jose,Small,>=100000,DevOps,HR,1,44
111,AI Researcher,Senior,Master's,Contract,San Jose,Medium,>=150000,Cloud,R&D,4,53
112,Data Analyst,Entry,Master's,Full-time,San Francisco,Large,>=50000,Data Visualization,Operations,2,36
113,Software Engineer,Senior,PhD,Contract,San Francisco,Small,>=125000,Project Management,IT,3,35
114,Data Engineer,Mid,Diploma,Full-time,Los Angeles,Large,>=100000,C++,Analytics,3,51
115,Software Engineer,Senior,Master's,Contract,San Jose,Medium,>=125000,Java,IT,1,48
116,AI Researcher,Entry,Bachelor's,Part-time,Austin,Medium,>=50000,C++,Analytics,5,60
117,ML Engineer,Entry,PhD,Full-time,San Jose,Medium,>=50000,DevOps,Product,3,47
118,Product Manager,Entry,Diploma,Full-time,Chicago,Medium,>=50000,Java,IT,3,40
119,DevOps Engineer,Senior,Diploma,Full-time,San Francisco,Small,>=150000,Deep Learning,R&D,2,32
120,ML Engineer,Senior,Master's,Full-time,San Francisco,Small,>=150000,Deep Learning,Analytics,3,60
121,ML Engineer,Senior,Diploma,Contract,Chicago,Small,>=125000,SQL,Operations,3,34
122,Web Developer,Entry,Bachelor's,Contract,Seattle,Large,>=50000,Project Management,Operations,1,23
123,ML Engineer,Mid,Bachelor's,Contract,New York,Small,>=75000,Project Management,Product,4,38
124,Data Scientist,Senior,Master's,Full-time,Remote,Small,>=150000,C++,Operations,4,30
125,Data Analyst,Senior,Diploma,Full-time,Remote,Large,>=125000,C++,R&D,3,26
126,DevOps Engineer,Mid,Diploma,Contract,Boston,Small,>=75000,Cloud,HR,4,42
127,DevOps Engineer,Entry,Master's,Contract,Boston,Small,>=50000,Deep Learning,R&D,5,24
128,ML Engineer,Senior,Bachelor's,Contract,Seattle,Large,>=175000,Python,HR,1,48
129,Web Developer,Entry,Master's,Part-time,San Jose,Medium,>=50000,Cloud,Operations,1,43
130,Product Manager,Senior,Diploma,Full-time,Boston,Medium,>=125000,DevOps,Product,4,60
131,ML Engineer,Senior,Master's,Full-time,San Francisco,Medium,>=175000,Python,R&D,2,30
132,ML Engineer,Mid,Diploma,Contract,Chicago,Medium,>=75000,Java,Operations,2,31
133,AI Researcher,Mid,Master's,Full-time,Seattle,Small,>=100000,Data Visualization,Analytics,2,53
134,AI Researcher,Entry,Bachelor's,Contract,Chicago,Medium,>=50000,SQL,HR,1,41
135,System Admin,Entry,Bachelor's,Part-time,San Jose,Medium,>=50000,Project Management,IT,2,53
136,System Admin,Entry,Bachelor's,Part-time,New York,Large,>=50000,C++,Analytics,5,49
137,Data Analyst,Mid,PhD,Part-time,New York,Small,>=125000,Deep Learning,Operations,1,52
138,System Admin,Mid,Diploma,Contract,Los Angeles,Large,>=100000,Project Management,R&D,2,23
139,System Admin,Entry,Diploma,Contract,Remote,Large,>=75000,Machine Learning,Analytics,1,53
140,Software Engineer,Mid,Master's,Part-time,Los Angeles,Medium,>=100000,SQL,Analytics,1,34
141,Product Manager,Mid,PhD,Contract,San Jose,Large,>=100000,Cloud,Analytics,3,50
142,Product Manager,Entry,Bachelor's,Contract,San Jose,Small,>=50000,SQL,IT,4,22
143,ML Engineer,Entry,PhD,Contract,Boston,Medium,>=50000,Project Management,HR,4,40
144,Software Engineer,Entry,Bachelor's,Part-time,Los Angeles,Large,>=50000,DevOps,R&D,1,24
145,Product Manager,Mid,Diploma,Full-time,New York,Small,>=75000,Java,Product,3,41
146,Data Engineer,Mid,Bachelor's,Contract,Austin,Large,>=100000,DevOps,Operations,1,54
147,Web Developer,Entry,Diploma,Contract,San Francisco,Small,>=50000,Deep Learning,Analytics,1,25
148,ML Engineer,Entry,Master's,Contract,Boston,Medium,>=75000,DevOps,Operations,4,53
149,System Admin,Senior,Master's,Contract,Boston,Small,>=150000,Java,R&D,2,23
150,Product Manager,Entry,PhD,Full-time,New York,Large,>=50000,C++,HR,2,38
151,DevOps Engineer,Entry,PhD,Contract,Los Angeles,Large,>=50000,Machine Learning,Product,4,57
152,Web Developer,Mid,Diploma,Part-time,Los Angeles,Medium,>=75000,Machine Learning,IT,5,43
153,DevOps Engineer,Mid,PhD,Part-time,Seattle,Medium,>=100000,Deep Learning,R&D,3,25
154,Software Engineer,Senior,Diploma,Full-time,Austin,Medium,>=125000,Project Management,R&D,5,45
155,ML Engineer,Entry,Bachelor's,Full-time,Remote,Small,>=50000,SQL,IT,5,37
156,AI Researcher,Entry,Bachelor's,Part-time,Remote,Small,>=50000,Cloud,HR,2,29
157,Web Developer,Entry,PhD,Part-time,San Jose,Large,>=50000,Java,IT,3,24
158,Data Engineer,Mid,Master's,Part-time,San Jose,Large,>=75000,Machine Learning,Analytics,5,59
159,AI Researcher,Mid,Bachelor's,Part-time,Boston,Large,>=75000,Machine Learning,Product,4,54
160,Data Engineer,Senior,Bachelor's,Full-time,Remote,Small,>=125000,SQL,Analytics,3,46
161,Data Engineer,Entry,PhD,Contract,New York,Medium,>=50000,SQL,IT,2,27
162,System Admin,Senior,PhD,Part-time,San Francisco,Small,>=150000,SQL,Operations,1,46
163,AI Researcher,Mid,Master's,Part-time,Seattle,Small,>=100000,Python,Operations,5,39
164,Data Engineer,Mid,Bachelor's,Contract,Remote,Large,>=75000,Deep Learning,Operations,4,50
165,Data Analyst,Senior,Master's,Contract,Los Angeles,Large,>=125000,Deep Learning,Product,3,54
166,Product Manager,Senior,Diploma,Full-time,Chicago,Medium,>=125000,Project Management,HR,4,30
167,ML Engineer,Senior,Diploma,Contract,Boston,Large,>=125000,Deep Learning,IT,1,39
168,ML Engineer,Senior,Bachelor's,Contract,Boston,Large,>=150000,Java,Operations,3,54
169,Data Scientist,Mid,Bachelor's,Contract,Boston,Small,>=75000,Cloud,Analytics,1,37
170,Web Developer,Entry,PhD,Part-time,San Francisco,Medium,>=50000,Cloud,Analytics,1,53
171,Product Manager,Mid,Master's,Contract,Seattle,Small,>=75000,Java,R&D,4,34
172,ML Engineer,Mid,Master's,Full-time,Seattle,Small,>=100000,SQL,HR,5,24
173,DevOps Engineer,Mid,PhD,Full-time,San Jose,Small,>=75000,DevOps,Analytics,3,30
174,DevOps Engineer,Mid,Diploma,Contract,San Francisco,Medium,>=75000,DevOps,Product,2,53
175,AI Researcher,Mid,Master's,Contract,San Jose,Small,>=100000,DevOps,Analytics,1,49
176,Data Analyst,Mid,PhD,Part-time,Chicago,Small,>=125000,Data Visualization,R&D,4,39
177,System Admin,Mid,Diploma,Contract,Remote,Medium,>=125000,Cloud,R&D,5,34
178,Product Manager,Entry,Diploma,Full-time,Austin,Small,>=50000,C++,Analytics,2,55
179,ML Engineer,Entry,Diploma,Full-time,Boston,Medium,>=50000,Machine Learning,Analytics,5,24
180,Data Scientist,Mid,Master's,Contract,Austin,Small,>=100000,Deep Learning,HR,3,30
181,AI Researcher,Mid,PhD,Contract,Boston,Large,>=100000,DevOps,Analytics,3,24
182,Data Engineer,Mid,Bachelor's,Contract,Los Angeles,Medium,>=100000,SQL,IT,2,43
183,Software Engineer,Senior,PhD,Contract,Los Angeles,Small,>=125000,Cloud,Operations,5,36
184,Product Manager,Mid,PhD,Full-time,Boston,Medium,>=100000,Python,Analytics,3,23
185,System Admin,Entry,Diploma,Part-time,New York,Large,>=50000,Python,IT,2,24
186,Data Scientist,Entry,PhD,Part-time,Seattle,Medium,>=50000,Project Management,HR,3,29
187,System Admin,Senior,Master's,Full-time,Chicago,Large,>=175000,Java,R&D,1,41
188,DevOps Engineer,Senior,PhD,Full-time,Los Angeles,Small,>=125000,Cloud,Operations,4,25
189,ML Engineer,Mid,Bachelor's,Part-time,Remote,Large,>=100000,Deep Learning,Analytics,3,32
190,Web Developer,Senior,Master's,Contract,San Francisco,Large,>=150000,C++,Operations,5,60
191,Data Scientist,Senior,PhD,Part-time,San Jose,Small,>=150000,Deep Learning,Product,5,41
192,Web Developer,Senior,Diploma,Contract,Austin,Large,>=150000,Machine Learning,Product,3,45
193,System Admin,Senior,Master's,Full-time,New York,Small,>=150000,DevOps,Product,4,32
194,Software Engineer,Senior,Bachelor's,Full-time,Austin,Medium,>=125000,C++,Analytics,3,30
195,System Admin,Senior,Master's,Contract,Los Angeles,Small,>=125000,Deep Learning,Product,5,58
196,Data Scientist,Entry,Master's,Part-time,Chicago,Medium,>=50000,Project Management,Operations,4,48
197,Data Analyst,Entry,Master's,Part-time,San Jose,Large,>=75000,C++,HR,2,58
198,Software Engineer,Senior,PhD,Contract,New York,Medium,>=125000,C++,IT,1,59
199,Product Manager,Entry,Master's,Contract,Boston,Large,>=50000,Deep Learning,Operations,2,41
200,Product Manager,Senior,PhD,Part-time,Seattle,Medium,>=125000,DevOps,Product,2,60
201,Data Engineer,Senior,PhD,Contract,Austin,Small,>=150000,Deep Learning,R&D,2,49
202,Data Analyst,Entry,PhD,Contract,San Francisco,Large,>=50000,Python,Operations,3,47
203,Data Engineer,Senior,Master's,Contract,Chicago,Medium,>=150000,C++,HR,3,55
204,AI Researcher,Senior,Diploma,Contract,Austin,Large,>=125000,Deep Learning,R&D,4,58
205,Product Manager,Mid,PhD,Full-time,Los Angeles,Small,>=75000,Cloud,Product,2,59
206,AI Researcher,Entry,PhD,Part-time,Boston,Large,>=50000,SQL,R&D,4,53
207,ML Engineer,Senior,Bachelor's,Full-time,Seattle,Medium,>=150000,Data Visualization,Operations,4,36
208,Software Engineer,Entry,Diploma,Part-time,San Jose,Medium,>=50000,Python,Analytics,1,37
209,Data Engineer,Senior,Master's,Part-time,New York,Small,>=125000,Java,IT,4,57
210,Data Engineer,Mid,Master's,Contract,San Francisco,Medium,>=100000,SQL,Analytics,5,37
211,AI Researcher,Senior,Bachelor's,Part-time,Seattle,Small,>=150000,Deep Learning,Analytics,4,58
212,DevOps Engineer,Senior,PhD,Part-time,Remote,Large,>=125000,Cloud,IT,5,59
213,Data Analyst,Mid,Master's,Full-time,Chicago,Large,>=75000,Data Visualization,R&D,3,50
214,System Admin,Senior,Bachelor's,Part-time,Remote,Small,>=125000,Cloud,Analytics,5,42
215,Product Manager,Entry,PhD,Part-time,Boston,Small,>=50000,Project Management,R&D,3,35
216,Web Developer,Mid,Diploma,Contract,Seattle,Large,>=100000,Machine Learning,IT,1,23
217,Software Engineer,Entry,Diploma,Full-time,Los Angeles,Medium,>=50000,C++,Analytics,5,29
218,Data Scientist,Mid,Bachelor's,Part-time,Chicago,Medium,>=100000,DevOps,Product,5,59
219,Data Scientist,Entry,PhD,Contract,Chicago,Small,>=50000,Python,R&D,2,22
220,Data Engineer,Entry,PhD,Full-time,San Francisco,Large,>=75000,C++,Operations,1,50
221,Web Developer,Mid,Bachelor's,Contract,San Jose,Large,>=100000,DevOps,Product,3,55
222,AI Researcher,Mid,PhD,Contract,San Francisco,Small,>=125000,Java,Product,5,54
223,DevOps Engineer,Entry,Bachelor's,Full-time,Boston,Small,>=50000,Python,HR,2,55
224,System Admin,Senior,Diploma,Part-time,San Francisco,Medium,>=125000,Machine Learning,Operations,1,48
225,Web Developer,Entry,Bachelor's,Full-time,San Jose,Large,>=50000,C++,HR,5,51
226,Data Analyst,Entry,Master's,Contract,San Francisco,Large,>=50000,C++,R&D,5,24
227,AI Researcher,Mid,Bachelor's,Contract,Los Angeles,Small,>=75000,Cloud,HR,1,58
228,Data Scientist,Mid,Master's,Contract,Boston,Medium,>=100000,Cloud,HR,3,55
229,System Admin,Entry,PhD,Part-time,Austin,Large,>=50000,SQL,HR,1,22
230,Product Manager,Mid,PhD,Contract,Chicago,Small,>=75000,Data Visualization,R&D,1,56
231,Data Engineer,Entry,Master's,Part-time,San Francisco,Large,>=50000,SQL,Operations,4,34
232,Software Engineer,Entry,PhD,Contract,Boston,Large,>=50000,DevOps,R&D,3,35
233,ML Engineer,Senior,Master's,Part-time,Chicago,Small,>=125000,Cloud,HR,2,43
234,System Admin,Senior,Bachelor's,Contract,Los Angeles,Small,>=125000,Cloud,R&D,3,51
235,Software Engineer,Entry,Bachelor's,Full-time,Austin,Small,>=75000,DevOps,R&D,2,58
236,DevOps Engineer,Senior,Bachelor's,Contract,New York,Small,>=150000,DevOps,Product,5,42
237,ML Engineer,Mid,PhD,Part-time,Los Angeles,Small,>=100000,Data Visualization,R&D,4,22
238,Data Engineer,Mid,PhD,Part-time,Chicago,Large,>=100000,Data Visualization,IT,2,52
239,System Admin,Senior,Diploma,Full-time,Boston,Large,>=175000,Java,Operations,5,44
240,Data Scientist,Entry,Diploma,Contract,New York,Small,>=50000,Python,HR,5,30
241,Data Analyst,Entry,Master's,Part-time,Remote,Small,>=75000,Data Visualization,Operations,3,56
242,Data Analyst,Senior,PhD,Full-time,Remote,Medium,>=125000,Machine Learning,Operations,5,36
243,ML Engineer,Senior,Master's,Part-time,New York,Medium,>=150000,Machine Learning,IT,5,24
244,Data Scientist,Mid,PhD,Contract,Seattle,Small,>=100000,Deep Learning,HR,5,56
245,DevOps Engineer,Senior,Master's,Full-time,New York,Small,>=125000,DevOps,Operations,3,22
246,Web Developer,Entry,PhD,Full-time,Boston,Large,>=50000,Project Management,Analytics,5,49
247,Web Developer,Mid,Diploma,Contract,Remote,Medium,>=100000,Cloud,Operations,4,40
248,Software Engineer,Mid,Diploma,Full-time,Seattle,Large,>=100000,DevOps,IT,1,50
249,Data Engineer,Entry,Bachelor's,Full-time,Seattle,Small,>=50000,Cloud,Product,5,41
250,ML Engineer,Entry,Bachelor's,Full-time,Remote,Large,>=50000,Deep Learning,Product,2,25
251,ML Engineer,Senior,Diploma,Contract,New York,Medium,>=175000,C++,IT,3,52
252,Data Engineer,Entry,PhD,Full-time,San Francisco,Small,>=50000,SQL,Product,2,49
253,Web Developer,Entry,Master's,Contract,Austin,Small,>=50000,Cloud,HR,4,25
254,Data Scientist,Entry,Diploma,Part-time,Boston,Small,>=50000,C++,Operations,1,42
255,Web Developer,Mid,Diploma,Contract,Austin,Medium,>=75000,Java,HR,2,42
256,ML Engineer,Senior,Bachelor's,Full-time,Remote,Medium,>=150000,Java,R&D,3,30
257,Data Analyst,Mid,Master's,Full-time,Seattle,Small,>=75000,Cloud,Analytics,4,44
258,Data Analyst,Entry,Master's,Contract,Seattle,Large,>=75000,Python,Analytics,2,38
259,ML Engineer,Mid,PhD,Part-time,Chicago,Medium,>=100000,Data Visualization,Product,3,42
260,ML Engineer,Senior,PhD,Contract,Boston,Small,>=150000,DevOps,HR,5,25
261,Data Engineer,Mid,Master's,Full-time,New York,Large,>=100000,Project Management,HR,4,41
262,Web Developer,Entry,Diploma,Part-time,San Francisco,Medium,>=50000,Java,IT,4,38
263,Data Analyst,Mid,Diploma,Contract,New York,Medium,>=125000,Machine Learning,Product,5,22
264,AI Researcher,Mid,Bachelor's,Part-time,San Francisco,Medium,>=75000,Project Management,Operations,5,35
265,DevOps Engineer,Mid,PhD,Full-time,Remote,Large,>=100000,SQL,Analytics,3,46
266,Software Engineer,Senior,Bachelor's,Part-time,Seattle,Medium,>=150000,Machine Learning,Operations,5,38
267,Data Engineer,Entry,Diploma,Full-time,Los Angeles,Large,>=50000,Data Visualization,HR,2,51
268,System Admin,Entry,Bachelor's,Full-time,Boston,Medium,>=50000,SQL,R&D,3,50
269,Software Engineer,Senior,Bachelor's,Part-time,San Francisco,Large,>=150000,Cloud,R&D,1,56
270,ML Engineer,Mid,PhD,Part-time,San Jose,Medium,>=75000,Cloud,IT,1,34
271,System Admin,Senior,PhD,Full-time,Boston,Small,>=125000,Project Management,IT,5,25
272,AI Researcher,Senior,Bachelor's,Full-time,Seattle,Small,>=125000,Machine Learning,Product,2,24
273,Data Scientist,Senior,PhD,Contract,New York,Medium,>=125000,Cloud,Analytics,5,42
274,Software Engineer,Mid,Master's,Full-time,San Francisco,Medium,>=75000,C++,HR,2,59
275,Software Engineer,Mid,PhD,Contract,Remote,Small,>=100000,Project Management,Operations,2,29
276,Data Engineer,Mid,PhD,Contract,Chicago,Small,>=100000,DevOps,Operations,4,36
277,AI Researcher,Entry,Bachelor's,Contract,Boston,Medium,>=50000,C++,IT,4,37
278,Web Developer,Entry,Master's,Part-time,San Francisco,Small,>=50000,C++,Product,1,44
279,System Admin,Entry,PhD,Contract,New York,Large,>=50000,Java,R&D,1,51
280,Product Manager,Mid,PhD,Contract,San Jose,Large,>=100000,Project Management,Product,4,53
281,Data Scientist,Senior,Master's,Part-time,Boston,Large,>=175000,Project Management,HR,2,39
282,Web Developer,Entry,Master's,Part-time,San Jose,Small,>=50000,Python,R&D,1,54
283,AI Researcher,Senior,Bachelor's,Full-time,Seattle,Large,>=150000,Cloud,Product,4,44
284,DevOps Engineer,Senior,Master's,Full-time,Boston,Small,>=125000,Cloud,Operations,4,50
285,Data Analyst,Senior,PhD,Part-time,Austin,Large,>=150000,Project Management,IT,1,37
286,Software Engineer,Mid,Bachelor's,Full-time,San Francisco,Large,>=75000,Data Visualization,Product,5,55
287,Software Engineer,Mid,Diploma,Contract,Chicago,Large,>=75000,DevOps,Operations,5,39
288,AI Researcher,Entry,Diploma,Part-time,New York,Medium,>=50000,Python,Product,3,30
289,Web Developer,Senior,Bachelor's,Contract,New York,Small,>=150000,Java,HR,2,25
290,Software Engineer,Entry,Master's,Full-time,Seattle,Small,>=75000,DevOps,IT,5,44
291,System Admin,Entry,Bachelor's,Full-time,Chicago,Small,>=50000,Machine Learning,R&D,3,40
292,Product Manager,Senior,PhD,Part-time,San Jose,Medium,>=125000,Cloud,HR,4,33
293,Data Scientist,Senior,Master's,Full-time,Chicago,Small,>=125000,C++,Product,1,46
294,Data Scientist,Entry,Diploma,Contract,San Francisco,Medium,>=50000,SQL,HR,2,30
295,ML Engineer,Senior,Bachelor's,Contract,New York,Large,>=125000,Cloud,Operations,1,42
296,Data Analyst,Entry,Bachelor's,Contract,New York,Medium,>=50000,Project Management,HR,2,52
297,Software Engineer,Entry,Bachelor's,Part-time,Austin,Small,>=50000,DevOps,IT,1,22
298,Software Engineer,Entry,Master's,Contract,Austin,Small,>=50000,C++,Product,2,24
299,System Admin,Mid,Diploma,Part-time,Los Angeles,Large,>=75000,Machine Learning,Product,1,58
300,Software Engineer,Entry,Bachelor's,Part-time,Seattle,Large,>=50000,Data Visualization,R&D,4,53
301,ML Engineer,Senior,Bachelor's,Contract,Seattle,Small,>=125000,Cloud,R&D,5,57
302,Data Engineer,Entry,Bachelor's,Part-time,Remote,Large,>=50000,SQL,Operations,2,51
303,ML Engineer,Senior,PhD,Part-time,Los Angeles,Small,>=125000,Project Management,Operations,5,34
304,Data Analyst,Entry,Diploma,Contract,Los Angeles,Medium,>=50000,Data Visualization,Analytics,5,49
305,DevOps Engineer,Senior,Master's,Part-time,Chicago,Small,>=125000,Machine Learning,R&D,2,35
306,Data Analyst,Entry,PhD,Part-time,Seattle,Small,>=50000,Deep Learning,Product,2,22
307,Data Scientist,Mid,Diploma,Full-time,Seattle,Large,>=125000,Project Management,Operations,1,48
308,System Admin,Senior,Master's,Full-time,Seattle,Small,>=150000,Cloud,Product,2,23
309,Web Developer,Senior,Diploma,Contract,Chicago,Medium,>=150000,Python,Operations,5,28
310,Data Scientist,Senior,PhD,Contract,Los Angeles,Small,>=175000,Project Management,IT,3,32
311,Data Scientist,Mid,Master's,Contract,New York,Small,>=100000,Cloud,HR,2,32
312,DevOps Engineer,Senior,Diploma,Part-time,San Francisco,Small,>=150000,SQL,HR,2,56
313,DevOps Engineer,Senior,PhD,Contract,New York,Small,>=125000,Deep Learning,Product,3,26
314,AI Researcher,Mid,Diploma,Contract,San Francisco,Medium,>=75000,C++,HR,5,28
315,Software Engineer,Senior,Diploma,Full-time,Chicago,Small,>=150000,Machine Learning,R&D,4,41
316,System Admin,Senior,Master's,Part-time,New York,Large,>=150000,DevOps,HR,4,37
317,Web Developer,Senior,PhD,Part-time,Chicago,Small,>=125000,C++,Product,5,60
318,Software Engineer,Entry,Diploma,Contract,Los Angeles,Small,>=50000,Java,Operations,4,24
319,Web Developer,Mid,Master's,Contract,New York,Large,>=75000,C++,Analytics,2,55
320,Data Scientist,Entry,Master's,Full-time,Los Angeles,Large,>=50000,SQL,Analytics,5,38
321,ML Engineer,Senior,PhD,Part-time,Seattle,Large,>=125000,DevOps,IT,2,32
322,System Admin,Entry,Master's,Full-time,Boston,Small,>=50000,DevOps,Product,5,30
323,System Admin,Entry,PhD,Full-time,Seattle,Small,>=50000,SQL,IT,2,29
324,Software Engineer,Entry,Bachelor's,Part-time,Boston,Small,>=50000,Java,Product,3,40
325,ML Engineer,Senior,PhD,Full-time,Remote,Medium,>=150000,SQL,Operations,5,54
326,Web Developer,Senior,Bachelor's,Contract,San Francisco,Small,>=125000,C++,Product,1,35
327,AI Researcher,Entry,Diploma,Contract,Boston,Small,>=50000,Python,R&D,5,42
328,Data Scientist,Entry,Bachelor's,Contract,Los Angeles,Medium,>=75000,Data Visualization,R&D,2,51
329,Product Manager,Senior,PhD,Contract,Seattle,Small,>=150000,Machine Learning,Product,4,30
330,Web Developer,Entry,Diploma,Full-time,Seattle,Small,>=50000,Project Management,IT,4,28
331,AI Researcher,Entry,Master's,Full-time,Seattle,Large,>=50000,Data Visualization,HR,1,30
332,Data Engineer,Senior,Bachelor's,Full-time,San Francisco,Small,>=150000,Data Visualization,Analytics,1,43
333,Data Analyst,Senior,Master's,Full-time,Remote,Small,>=175000,Data Visualization,IT,1,28
334,Product Manager,Mid,Master's,Part-time,Chicago,Medium,>=75000,C++,Operations,4,44
335,Software Engineer,Senior,PhD,Part-time,Austin,Small,>=125000,SQL,Analytics,4,53
336,ML Engineer,Senior,Master's,Part-time,Chicago,Large,>=125000,Data Visualization,R&D,5,55
337,Data Analyst,Entry,Bachelor's,Contract,Los Angeles,Medium,>=50000,C++,HR,1,51
338,Data Engineer,Entry,PhD,Contract,Chicago,Medium,>=50000,Project Management,IT,4,35
339,ML Engineer,Mid,Bachelor's,Full-time,Seattle,Small,>=75000,Project Management,IT,4,33
340,ML Engineer,Senior,PhD,Contract,Seattle,Medium,>=175000,Java,IT,3,40
341,Data Scientist,Entry,Master's,Contract,New York,Medium,>=50000,SQL,R&D,3,25
342,Data Analyst,Entry,Master's,Part-time,Chicago,Medium,>=50000,Java,Product,5,50
343,ML Engineer,Mid,Bachelor's,Full-time,Remote,Medium,>=75000,DevOps,HR,3,38
344,Software Engineer,Entry,Diploma,Contract,San Jose,Large,>=50000,SQL,R&D,4,53
345,Software Engineer,Entry,Master's,Full-time,New York,Large,>=50000,Deep Learning,R&D,1,57
346,AI Researcher,Entry,Bachelor's,Part-time,Remote,Large,>=50000,Project Management,Operations,5,32
347,Web Developer,Mid,Bachelor's,Contract,New York,Small,>=100000,Project Management,Operations,2,54
348,Data Engineer,Entry,PhD,Contract,San Francisco,Medium,>=50000,Python,Product,1,36
349,Product Manager,Entry,PhD,Contract,Remote,Medium,>=50000,Data Visualization,Product,3,38
350,DevOps Engineer,Mid,PhD,Full-time,Los Angeles,Small,>=75000,Machine Learning,Product,1,40
351,Product Manager,Mid,Bachelor's,Part-time,Remote,Medium,>=100000,Python,Product,5,46
352,Web Developer,Entry,Diploma,Full-time,Chicago,Large,>=50000,C++,IT,1,52
353,Software Engineer,Mid,Master's,Part-time,New York,Large,>=125000,DevOps,Product,3,35
354,Data Analyst,Senior,Bachelor's,Part-time,New York,Large,>=150000,C++,Operations,1,58
355,Product Manager,Mid,Master's,Part-time,Remote,Small,>=100000,Machine Learning,HR,1,48
356,Data Engineer,Entry,Master's,Part-time,New York,Large,>=50000,Java,Operations,1,52
357,ML Engineer,Mid,Master's,Contract,San Francisco,Small,>=75000,Data Visualization,Product,5,36
358,Software Engineer,Mid,Bachelor's,Part-time,San Jose,Medium,>=75000,Python,R&D,5,51
359,ML Engineer,Mid,Diploma,Contract,Remote,Small,>=75000,Deep Learning,HR,5,28
360,Web Developer,Mid,PhD,Contract,Austin,Large,>=75000,Python,HR,3,49
361,ML Engineer,Senior,Diploma,Part-time,Chicago,Large,>=150000,C++,Operations,2,60
362,Data Scientist,Mid,Master's,Full-time,New York,Medium,>=75000,Project Management,IT,2,35
363,Software Engineer,Mid,Master's,Part-time,San Francisco,Small,>=100000,DevOps,IT,1,25
364,Data Engineer,Senior,Diploma,Contract,Chicago,Medium,>=125000,Project Management,IT,4,53
365,System Admin,Entry,Master's,Part-time,Remote,Medium,>=50000,Deep Learning,Product,2,47
366,System Admin,Mid,Master's,Contract,Boston,Medium,>=75000,C++,R&D,3,23
367,AI Researcher,Mid,Bachelor's,Part-time,Los Angeles,Large,>=100000,Python,HR,2,49
368,Data Engineer,Entry,Bachelor's,Contract,New York,Small,>=50000,SQL,HR,3,46
369,Product Manager,Entry,Diploma,Full-time,San Jose,Medium,>=50000,Data Visualization,HR,5,50
370,Web Developer,Senior,Diploma,Full-time,New York,Large,>=150000,SQL,R&D,1,59
371,Web Developer,Mid,PhD,Part-time,New York,Medium,>=75000,Java,Product,1,37
372,Software Engineer,Senior,Diploma,Contract,San Francisco,Small,>=150000,C++,Operations,4,24
373,Data Scientist,Entry,Master's,Full-time,Seattle,Large,>=50000,Project Management,R&D,3,54
374,AI Researcher,Entry,PhD,Contract,Boston,Medium,>=50000,Cloud,IT,5,59
375,System Admin,Mid,Diploma,Full-time,Los Angeles,Medium,>=100000,Machine Learning,Operations,4,22
376,Data Engineer,Entry,Bachelor's,Contract,Boston,Small,>=50000,Cloud,Product,5,54
377,Data Analyst,Mid,Diploma,Part-time,Boston,Large,>=75000,Cloud,Operations,3,48
378,Data Analyst,Entry,Diploma,Contract,San Francisco,Medium,>=50000,Java,Product,3,53
379,AI Researcher,Entry,Master's,Full-time,Los Angeles,Large,>=50000,DevOps,Operations,5,48
380,System Admin,Entry,PhD,Contract,San Jose,Large,>=50000,C++,Analytics,2,51
381,Web Developer,Entry,Diploma,Full-time,New York,Small,>=75000,DevOps,IT,1,41
382,Data Engineer,Mid,Master's,Part-time,Remote,Medium,>=100000,C++,Product,1,33
383,Product Manager,Senior,Diploma,Part-time,New York,Small,>=125000,Cloud,R&D,4,44
384,Data Analyst,Mid,Master's,Contract,Chicago,Medium,>=75000,SQL,Operations,1,32
385,Web Developer,Entry,Diploma,Part-time,Boston,Medium,>=50000,Java,Product,4,54
386,Web Developer,Senior,Bachelor's,Contract,Boston,Small,>=125000,DevOps,HR,5,51
387,Data Engineer,Entry,Diploma,Part-time,Chicago,Large,>=50000,Machine Learning,Operations,2,55
388,Data Analyst,Mid,Master's,Full-time,New York,Large,>=75000,Deep Learning,IT,1,44
389,Software Engineer,Senior,Bachelor's,Part-time,Los Angeles,Large,>=150000,C++,Operations,4,28
390,AI Researcher,Entry,Bachelor's,Contract,Austin,Small,>=50000,Machine Learning,R&D,1,59
391,Data Analyst,Senior,PhD,Part-time,Chicago,Medium,>=125000,Python,R&D,3,58
392,Data Engineer,Mid,Master's,Part-time,Austin,Medium,>=125000,Python,Product,1,56
393,Data Engineer,Senior,Master's,Contract,Boston,Large,>=175000,Data Visualization,R&D,2,24
394,ML Engineer,Entry,Diploma,Full-time,Remote,Large,>=75000,Project Management,Analytics,1,36
395,Data Engineer,Entry,Bachelor's,Contract,New York,Medium,>=50000,C++,Analytics,2,29
396,System Admin,Entry,PhD,Part-time,San Jose,Large,>=50000,Cloud,R&D,3,34
397,System Admin,Mid,Bachelor's,Part-time,Los Angeles,Medium,>=125000,C++,R&D,3,42
398,Data Scientist,Senior,Bachelor's,Contract,New York,Small,>=150000,Python,R&D,3,46
399,Data Analyst,Entry,Bachelor's,Full-time,Remote,Small,>=50000,SQL,HR,4,51
400,Data Engineer,Senior,Diploma,Part-time,San Jose,Large,>=150000,Project Management,R&D,5,50
401,Software Engineer,Entry,PhD,Part-time,Austin,Large,>=75000,C++,Product,5,32
402,Data Scientist,Senior,Bachelor's,Part-time,Remote,Large,>=175000,Data Visualization,Product,5,25
403,ML Engineer,Senior,Master's,Contract,New York,Large,>=125000,Python,Operations,1,58
404,Software Engineer,Entry,Bachelor's,Contract,Remote,Small,>=50000,C++,Analytics,2,54
405,Data Analyst,Senior,Master's,Contract,Chicago,Large,>=150000,Data Visualization,R&D,4,34
406,Web Developer,Entry,Bachelor's,Part-time,Austin,Medium,>=50000,Deep Learning,Operations,5,53
407,ML Engineer,Mid,Bachelor's,Contract,San Jose,Large,>=100000,Machine Learning,HR,1,39
408,System Admin,Senior,Bachelor's,Full-time,Boston,Large,>=125000,C++,IT,4,34
409,Software Engineer,Senior,Diploma,Part-time,San Jose,Large,>=150000,Python,HR,2,46
410,Product Manager,Mid,Master's,Full-time,Los Angeles,Large,>=75000,Cloud,Analytics,3,43
411,System Admin,Senior,Diploma,Part-time,New York,Large,>=125000,Deep Learning,IT,5,23
412,System Admin,Senior,PhD,Part-time,Los Angeles,Medium,>=125000,Python,HR,2,56
413,ML Engineer,Senior,Diploma,Full-time,Los Angeles,Large,>=150000,C++,HR,1,36
414,AI Researcher,Mid,Diploma,Contract,San Jose,Large,>=75000,Data Visualization,R&D,4,36
415,DevOps Engineer,Entry,Bachelor's,Part-time,New York,Medium,>=75000,DevOps,HR,5,23
416,Software Engineer,Entry,Bachelor's,Contract,Remote,Medium,>=50000,Cloud,Operations,5,34
417,Data Engineer,Mid,Diploma,Part-time,New York,Large,>=125000,Java,Operations,2,44
418,System Admin,Mid,Diploma,Full-time,Remote,Large,>=100000,Cloud,R&D,3,34
419,DevOps Engineer,Senior,Bachelor's,Contract,Austin,Small,>=150000,DevOps,Operations,1,33
420,ML Engineer,Mid,Bachelor's,Full-time,Boston,Small,>=75000,Data Visualization,Product,3,58
421,System Admin,Mid,PhD,Contract,Seattle,Small,>=75000,SQL,IT,4,43
422,Product Manager,Senior,Master's,Contract,Remote,Medium,>=150000,Cloud,IT,2,24
423,Web Developer,Senior,Master's,Full-time,Seattle,Large,>=150000,Cloud,Operations,4,24
424,Data Engineer,Entry,Diploma,Full-time,Remote,Medium,>=50000,Deep Learning,Product,3,56
425,Web Developer,Mid,Diploma,Contract,Boston,Large,>=100000,SQL,IT,4,57
426,System Admin,Mid,Bachelor's,Contract,New York,Small,>=100000,Data Visualization,HR,3,58
427,Web Developer,Senior,Bachelor's,Contract,Los Angeles,Large,>=125000,Cloud,HR,1,32
428,Product Manager,Senior,PhD,Full-time,Los Angeles,Small,>=150000,DevOps,R&D,1,22
429,Web Developer,Senior,Diploma,Contract,New York,Small,>=125000,Deep Learning,HR,4,44
430,DevOps Engineer,Senior,PhD,Part-time,Remote,Small,>=150000,Deep Learning,Operations,4,41
431,AI Researcher,Senior,Master's,Part-time,Los Angeles,Medium,>=175000,DevOps,Product,1,31
432,Data Scientist,Mid,Master's,Part-time,Los Angeles,Medium,>=100000,Cloud,IT,5,32
433,Data Analyst,Mid,PhD,Full-time,San Jose,Large,>=100000,Machine Learning,Product,1,29
434,Web Developer,Senior,Diploma,Full-time,Seattle,Medium,>=150000,Project Management,Operations,5,28
435,Data Scientist,Mid,PhD,Part-time,Los Angeles,Large,>=75000,Deep Learning,HR,3,44
436,DevOps Engineer,Mid,PhD,Full-time,Los Angeles,Medium,>=75000,Project Management,Operations,3,27
437,System Admin,Mid,Bachelor's,Full-time,Los Angeles,Medium,>=75000,Machine Learning,R&D,5,22
438,Data Scientist,Senior,Bachelor's,Part-time,New York,Medium,>=125000,Java,Analytics,4,34
439,Data Scientist,Mid,Diploma,Part-time,San Jose,Medium,>=100000,Deep Learning,IT,5,53
440,Web Developer,Entry,Bachelor's,Part-time,San Jose,Medium,>=50000,Project Management,HR,4,34
441,Web Developer,Mid,Master's,Contract,Boston,Large,>=100000,Cloud,HR,3,36
442,Data Engineer,Mid,PhD,Full-time,New York,Large,>=100000,SQL,Product,5,50
443,Web Developer,Entry,PhD,Contract,New York,Large,>=50000,C++,Analytics,5,57
444,Product Manager,Mid,Master's,Full-time,Chicago,Small,>=100000,DevOps,IT,5,50
445,AI Researcher,Senior,PhD,Part-time,San Francisco,Large,>=125000,Machine Learning,HR,4,32
446,Data Scientist,Entry,Bachelor's,Full-time,Los Angeles,Medium,>=50000,Java,Analytics,1,36
447,AI Researcher,Senior,Master's,Part-time,Remote,Medium,>=150000,Machine Learning,Operations,5,56
448,Software Engineer,Senior,PhD,Full-time,Seattle,Large,>=125000,C++,HR,4,50
449,Product Manager,Entry,Diploma,Contract,San Francisco,Small,>=50000,Project Management,HR,3,42
450,Data Scientist,Senior,Diploma,Contract,Austin,Small,>=150000,Cloud,R&D,1,56
451,Product Manager,Entry,PhD,Full-time,Austin,Large,>=50000,Deep Learning,HR,4,57
452,Product Manager,Mid,Diploma,Full-time,Austin,Small,>=75000,Python,HR,2,29
453,Web Developer,Mid,Bachelor's,Contract,Chicago,Small,>=100000,Data Visualization,Analytics,4,60
454,Software Engineer,Entry,Bachelor's,Full-time,Remote,Large,>=50000,DevOps,Operations,5,23
455,Data Scientist,Mid,Bachelor's,Contract,San Francisco,Large,>=100000,Java,Analytics,3,51
456,Web Developer,Mid,PhD,Contract,Remote,Large,>=100000,C++,R&D,1,58
457,AI Researcher,Entry,Bachelor's,Part-time,San Jose,Medium,>=50000,Machine Learning,Operations,3,34
458,Software Engineer,Senior,PhD,Full-time,Remote,Medium,>=125000,Cloud,IT,5,56
459,Data Engineer,Mid,Master's,Part-time,Boston,Large,>=125000,Deep Learning,Operations,3,44
460,Data Engineer,Senior,Master's,Part-time,New York,Large,>=150000,Machine Learning,HR,2,28
461,Data Engineer,Mid,Diploma,Contract,Boston,Medium,>=75000,Java,Analytics,5,27
462,Data Scientist,Entry,Diploma,Full-time,Chicago,Large,>=50000,Machine Learning,Operations,1,49
463,AI Researcher,Senior,Master's,Contract,New York,Medium,>=150000,SQL,IT,5,32
464,System Admin,Entry,Diploma,Full-time,Los Angeles,Medium,>=50000,Cloud,HR,2,33
465,Product Manager,Entry,Master's,Full-time,Boston,Small,>=50000,C++,Operations,5,22
466,System Admin,Entry,PhD,Full-time,San Francisco,Small,>=50000,Java,R&D,1,37
467,Product Manager,Senior,Diploma,Contract,Austin,Large,>=150000,Data Visualization,R&D,3,34
468,Product Manager,Mid,Diploma,Part-time,Chicago,Large,>=100000,Machine Learning,HR,5,38
469,AI Researcher,Entry,Master's,Full-time,New York,Medium,>=50000,Machine Learning,R&D,2,43
470,Data Analyst,Mid,Diploma,Contract,Seattle,Large,>=100000,Cloud,Operations,3,34
471,AI Researcher,Entry,Master's,Full-time,Austin,Large,>=50000,Machine Learning,Analytics,4,30
472,Product Manager,Entry,Diploma,Contract,Remote,Small,>=50000,Deep Learning,Operations,1,50
473,AI Researcher,Mid,Master's,Full-time,Remote,Large,>=125000,Java,HR,2,39
474,System Admin,Mid,Diploma,Part-time,San Francisco,Small,>=125000,Java,R&D,3,26
475,DevOps Engineer,Entry,Bachelor's,Full-time,Chicago,Medium,>=50000,Cloud,Operations,5,58
476,Data Engineer,Entry,Diploma,Full-time,Chicago,Small,>=75000,Data Visualization,Analytics,3,41
477,Product Manager,Entry,Diploma,Full-time,Los Angeles,Medium,>=50000,DevOps,IT,4,57
478,ML Engineer,Senior,Diploma,Full-time,Seattle,Medium,>=125000,C++,R&D,4,44
479,Product Manager,Entry,Bachelor's,Part-time,San Francisco,Medium,>=50000,C++,Operations,2,33
480,AI Researcher,Senior,Bachelor's,Contract,San Jose,Small,>=125000,Cloud,R&D,3,22
481,Product Manager,Mid,Master's,Part-time,Remote,Large,>=75000,Cloud,IT,5,47
482,System Admin,Mid,Diploma,Full-time,Seattle,Medium,>=100000,Deep Learning,HR,2,59
483,Data Analyst,Entry,Master's,Part-time,Los Angeles,Large,>=50000,Machine Learning,IT,2,49
484,Software Engineer,Senior,Master's,Contract,San Francisco,Small,>=150000,Cloud,Product,1,41
485,Data Scientist,Entry,PhD,Contract,New York,Medium,>=75000,DevOps,Operations,3,42
486,Data Engineer,Entry,Master's,Contract,Los Angeles,Small,>=50000,Data Visualization,IT,2,57
487,ML Engineer,Senior,Bachelor's,Part-time,Seattle,Small,>=125000,SQL,R&D,4,45
488,DevOps Engineer,Mid,Master's,Full-time,New York,Small,>=125000,Python,HR,1,43
489,AI Researcher,Entry,Bachelor's,Full-time,Los Angeles,Medium,>=50000,DevOps,Operations,3,39
490,DevOps Engineer,Mid,Bachelor's,Part-time,Austin,Medium,>=100000,Data Visualization,R&D,3,31
491,ML Engineer,Mid,Master's,Part-time,Seattle,Medium,>=75000,Java,HR,3,59
492,AI Researcher,Senior,PhD,Contract,Seattle,Small,>=125000,DevOps,Operations,4,46
493,Software Engineer,Entry,Master's,Part-time,San Jose,Small,>=75000,Python,Analytics,4,32
494,Software Engineer,Mid,Bachelor's,Full-time,Boston,Large,>=75000,Machine Learning,Product,5,48
495,DevOps Engineer,Senior,PhD,Contract,Chicago,Large,>=125000,C++,Analytics,4,55
496,System Admin,Senior,PhD,Part-time,Seattle,Large,>=150000,DevOps,IT,4,41
497,ML Engineer,Senior,Diploma,Part-time,New York,Medium,>=125000,SQL,R&D,5,29
498,ML Engineer,Entry,Master's,Contract,Austin,Medium,>=50000,Machine Learning,HR,3,46
499,Data Scientist,Entry,Bachelor's,Contract,Seattle,Large,>=50000,Cloud,Product,2,40
500,Data Scientist,Entry,PhD,Contract,Boston,Large,>=75000,Deep Learning,R&D,3,31
501,AI Researcher,Entry,Bachelor's,Full-time,San Francisco,Medium,>=50000,SQL,R&D,2,50
502,Data Scientist,Senior,Master's,Contract,Remote,Large,>=150000,Cloud,Product,2,57
503,Data Engineer,Entry,Master's,Contract,Los Angeles,Medium,>=50000,Python,Operations,2,28
504,System Admin,Entry,Master's,Part-time,Austin,Small,>=50000,SQL,Operations,4,43
505,Product Manager,Senior,PhD,Contract,San Francisco,Large,>=125000,DevOps,Analytics,3,37
506,DevOps Engineer,Senior,PhD,Full-time,Chicago,Large,>=175000,SQL,Product,3,52
507,Data Analyst,Entry,PhD,Full-time,Boston,Large,>=75000,Machine Learning,IT,5,39
508,System Admin,Senior,Diploma,Full-time,Austin,Large,>=125000,Project Management,Analytics,2,47
509,Web Developer,Mid,Diploma,Part-time,Los Angeles,Large,>=100000,DevOps,Product,1,48
510,AI Researcher,Entry,Diploma,Full-time,Chicago,Large,>=50000,DevOps,HR,2,33
511,Data Scientist,Entry,Bachelor's,Part-time,New York,Large,>=50000,Data Visualization,Analytics,5,57
512,DevOps Engineer,Mid,Bachelor's,Part-time,Los Angeles,Small,>=75000,C++,HR,2,57
513,AI Researcher,Senior,PhD,Full-time,Chicago,Medium,>=150000,Cloud,HR,5,49
514,Web Developer,Senior,Bachelor's,Contract,San Jose,Small,>=150000,Java,Product,4,22
515,Data Engineer,Senior,PhD,Part-time,New York,Medium,>=150000,Project Management,Analytics,5,33
516,Product Manager,Mid,Diploma,Contract,New York,Medium,>=100000,Java,Product,5,57
517,Software Engineer,Mid,PhD,Full-time,Boston,Small,>=75000,Project Management,Product,4,49
518,AI Researcher,Mid,Bachelor's,Full-time,Remote,Medium,>=75000,Machine Learning,IT,5,59
519,ML Engineer,Senior,Diploma,Part-time,Chicago,Large,>=150000,Java,Operations,5,30
520,ML Engineer,Mid,Master's,Full-time,Seattle,Large,>=100000,Python,Operations,4,23
521,Data Engineer,Mid,Master's,Contract,Austin,Large,>=75000,C++,HR,1,24
522,Web Developer,Senior,Diploma,Contract,New York,Medium,>=125000,Deep Learning,IT,5,45
523,Data Analyst,Entry,PhD,Full-time,New York,Small,>=50000,Project Management,R&D,1,42
524,Data Analyst,Entry,Bachelor's,Part-time,Chicago,Small,>=50000,Java,Product,2,59
525,Software Engineer,Entry,Bachelor's,Contract,Remote,Large,>=50000,Deep Learning,Operations,2,36
526,ML Engineer,Mid,Bachelor's,Full-time,New York,Large,>=125000,DevOps,Product,3,47
527,AI Researcher,Senior,Master's,Full-time,Austin,Medium,>=125000,Data Visualization,R&D,3,48
528,Data Analyst,Entry,Diploma,Full-time,Seattle,Large,>=50000,Machine Learning,HR,4,56
529,System Admin,Senior,Master's,Contract,Seattle,Large,>=150000,Project Management,IT,2,26
530,Data Analyst,Mid,Master's,Full-time,San Jose,Small,>=100000,DevOps,R&D,1,29
531,Web Developer,Mid,Bachelor's,Contract,San Jose,Small,>=100000,Machine Learning,Operations,3,45
532,Data Scientist,Entry,Bachelor's,Full-time,Austin,Large,>=75000,Machine Learning,Product,3,38
533,Data Analyst,Senior,Master's,Part-time,Los Angeles,Large,>=150000,SQL,HR,2,26
534,Product Manager,Mid,Diploma,Contract,Seattle,Medium,>=75000,SQL,Product,3,37
535,Software Engineer,Entry,Diploma,Part-time,Los Angeles,Medium,>=50000,Python,IT,3,53
536,Product Manager,Mid,Master's,Full-time,Austin,Small,>=75000,Python,IT,4,32
537,AI Researcher,Senior,Bachelor's,Contract,Boston,Medium,>=150000,SQL,Product,4,32
538,DevOps Engineer,Mid,Bachelor's,Full-time,Remote,Medium,>=125000,DevOps,Operations,5,36
539,Data Engineer,Senior,PhD,Contract,San Francisco,Medium,>=150000,Python,Product,3,59
540,Software Engineer,Mid,Bachelor's,Part-time,Seattle,Medium,>=100000,C++,IT,2,38
541,Data Scientist,Mid,Bachelor's,Contract,Remote,Large,>=100000,Machine Learning,Analytics,5,53
542,AI Researcher,Entry,Master's,Contract,New York,Medium,>=50000,Python,IT,1,28
543,Data Engineer,Senior,Bachelor's,Contract,San Francisco,Small,>=125000,Python,Analytics,2,36
544,Web Developer,Senior,Master's,Contract,Austin,Small,>=150000,Python,Analytics,3,46
545,DevOps Engineer,Senior,Master's,Part-time,New York,Small,>=175000,Java,Product,2,31
546,AI Researcher,Senior,PhD,Full-time,Chicago,Small,>=125000,Deep Learning,HR,3,46
547,Web Developer,Mid,PhD,Contract,Austin,Small,>=100000,DevOps,Analytics,4,40
548,Software Engineer,Senior,Bachelor's,Full-time,Chicago,Large,>=150000,Deep Learning,HR,4,57
549,Software Engineer,Entry,Bachelor's,Full-time,New York,Large,>=50000,Project Management,IT,4,33
550,Data Engineer,Senior,PhD,Full-time,Los Angeles,Small,>=125000,DevOps,Analytics,2,54
551,AI Researcher,Entry,Diploma,Contract,Austin,Small,>=50000,C++,Product,3,45
552,Software Engineer,Senior,PhD,Part-time,Austin,Large,>=125000,C++,R&D,5,46
553,Product Manager,Senior,Master's,Full-time,Remote,Small,>=175000,Python,Operations,5,34
554,Data Scientist,Entry,Master's,Full-time,Remote,Small,>=50000,DevOps,Analytics,2,28
555,Web Developer,Mid,PhD,Part-time,Chicago,Medium,>=75000,Deep Learning,HR,5,52
556,Product Manager,Entry,Bachelor's,Part-time,Los Angeles,Large,>=50000,Deep Learning,HR,1,42
557,System Admin,Mid,PhD,Part-time,Remote,Medium,>=100000,Data Visualization,Product,4,27
558,Data Analyst,Senior,Master's,Part-time,Chicago,Medium,>=150000,Python,Operations,4,33
559,Data Analyst,Entry,PhD,Full-time,Los Angeles,Medium,>=50000,Cloud,HR,1,55
560,Data Engineer,Entry,Master's,Full-time,Boston,Large,>=50000,Cloud,Product,4,46
561,DevOps Engineer,Mid,Bachelor's,Full-time,San Jose,Medium,>=125000,Machine Learning,Analytics,2,32
562,ML Engineer,Mid,Bachelor's,Part-time,Boston,Large,>=75000,DevOps,Analytics,3,26
563,Data Scientist,Senior,Bachelor's,Full-time,New York,Medium,>=150000,Python,IT,3,47
564,ML Engineer,Entry,Diploma,Contract,San Jose,Medium,>=50000,SQL,HR,1,58
565,Data Engineer,Entry,Diploma,Contract,New York,Medium,>=50000,Data Visualization,Operations,4,30
566,ML Engineer,Entry,Master's,Full-time,Seattle,Medium,>=50000,Machine Learning,Analytics,3,37
567,System Admin,Entry,Master's,Full-time,San Jose,Large,>=50000,SQL,R&D,1,48
568,AI Researcher,Entry,Master's,Part-time,Remote,Medium,>=50000,SQL,IT,3,42
569,DevOps Engineer,Mid,Bachelor's,Full-time,Remote,Medium,>=100000,Project Management,HR,1,47
570,AI Researcher,Entry,Master's,Contract,San Francisco,Small,>=50000,Project Management,R&D,5,35
571,System Admin,Mid,Master's,Part-time,Remote,Medium,>=100000,C++,R&D,1,56
572,System Admin,Mid,Diploma,Contract,Austin,Small,>=100000,DevOps,Product,5,35
573,Data Scientist,Entry,PhD,Full-time,Austin,Small,>=50000,DevOps,Operations,2,24
574,Data Scientist,Senior,PhD,Contract,Chicago,Small,>=175000,Deep Learning,R&D,1,56
575,System Admin,Entry,Bachelor's,Contract,Remote,Small,>=75000,Data Visualization,Product,5,60
576,Data Engineer,Senior,PhD,Contract,Chicago,Medium,>=150000,C++,IT,1,34
577,Software Engineer,Mid,Bachelor's,Full-time,Seattle,Medium,>=75000,DevOps,R&D,1,27
578,Web Developer,Mid,PhD,Part-time,Los Angeles,Large,>=75000,SQL,IT,1,46
579,ML Engineer,Mid,Master's,Full-time,San Francisco,Medium,>=100000,Python,Product,2,58
580,Web Developer,Entry,Master's,Part-time,New York,Small,>=50000,Project Management,R&D,5,50
581,Web Developer,Mid,Master's,Full-time,Chicago,Large,>=75000,Deep Learning,IT,1,34
582,Product Manager,Mid,Bachelor's,Full-time,Boston,Large,>=75000,Machine Learning,HR,1,35
583,Data Engineer,Senior,Master's,Part-time,Seattle,Medium,>=125000,Python,Analytics,4,55
584,System Admin,Mid,Diploma,Contract,Los Angeles,Small,>=75000,DevOps,Operations,1,44
585,AI Researcher,Senior,PhD,Full-time,Seattle,Small,>=150000,Cloud,IT,5,24
586,Software Engineer,Senior,Master's,Full-time,Remote,Large,>=125000,Project Management,IT,4,57
587,Web Developer,Entry,Bachelor's,Part-time,Remote,Small,>=50000,DevOps,IT,4,54
588,Data Analyst,Senior,Master's,Full-time,San Jose,Large,>=125000,Cloud,IT,3,59
589,Software Engineer,Mid,PhD,Contract,San Jose,Small,>=100000,Deep Learning,Analytics,3,38
590,System Admin,Entry,Bachelor's,Part-time,Los Angeles,Medium,>=50000,Project Management,HR,3,30
591,Software Engineer,Senior,PhD,Contract,Los Angeles,Large,>=125000,Cloud,HR,5,24
592,ML Engineer,Entry,Bachelor's,Full-time,San Francisco,Small,>=50000,Cloud,Analytics,2,50
593,Data Analyst,Entry,Diploma,Contract,New York,Medium,>=75000,Machine Learning,Operations,3,59
594,Product Manager,Senior,PhD,Part-time,Seattle,Large,>=150000,Python,HR,2,55
595,AI Researcher,Senior,Bachelor's,Full-time,Remote,Large,>=150000,Data Visualization,Operations,4,31
596,Product Manager,Entry,Bachelor's,Part-time,Remote,Large,>=50000,Project Management,Analytics,5,45
597,Software Engineer,Mid,Bachelor's,Full-time,San Francisco,Large,>=75000,Project Management,Operations,4,50
598,Data Engineer,Mid,PhD,Contract,San Francisco,Medium,>=100000,DevOps,Analytics,5,40
599,Product Manager,Entry,Bachelor's,Full-time,San Jose,Small,>=50000,Project Management,Product,3,49
600,Data Engineer,Entry,PhD,Full-time,San Francisco,Small,>=50000,Data Visualization,Operations,2,58
601,DevOps Engineer,Entry,Master's,Full-time,Chicago,Small,>=75000,Machine Learning,Analytics,3,25
602,System Admin,Entry,Bachelor's,Full-time,Austin,Large,>=50000,Java,HR,1,37
603,Product Manager,Senior,PhD,Contract,Remote,Large,>=150000,Cloud,R&D,2,37
604,Software Engineer,Entry,Diploma,Contract,Boston,Large,>=50000,Cloud,R&D,4,35
605,ML Engineer,Mid,Master's,Part-time,San Jose,Large,>=75000,Data Visualization,R&D,4,26
606,ML Engineer,Senior,PhD,Contract,Boston,Small,>=150000,Data Visualization,IT,3,27
607,AI Researcher,Entry,Master's,Contract,Austin,Small,>=50000,Deep Learning,Operations,1,27
608,Data Engineer,Entry,Master's,Part-time,Los Angeles,Large,>=50000,Cloud,IT,4,54
609,System Admin,Entry,PhD,Full-time,San Jose,Medium,>=75000,Python,HR,3,28
610,Product Manager,Mid,Diploma,Full-time,Austin,Small,>=75000,Deep Learning,Operations,4,58
611,Software Engineer,Senior,Bachelor's,Part-time,Austin,Medium,>=150000,SQL,Product,5,33
612,Data Analyst,Senior,Master's,Full-time,Austin,Large,>=125000,Deep Learning,R&D,3,33
613,System Admin,Senior,Bachelor's,Contract,Chicago,Small,>=150000,Data Visualization,Analytics,1,51
614,ML Engineer,Entry,PhD,Contract,Chicago,Medium,>=50000,Python,IT,1,51
615,Data Engineer,Entry,Master's,Contract,Boston,Small,>=75000,SQL,Operations,1,31
616,Data Analyst,Senior,PhD,Contract,San Francisco,Large,>=125000,Java,R&D,2,34
617,ML Engineer,Senior,PhD,Part-time,New York,Small,>=125000,Deep Learning,Product,3,27
618,Data Scientist,Mid,PhD,Part-time,San Jose,Medium,>=75000,Deep Learning,Operations,5,35
619,Data Analyst,Senior,PhD,Contract,Seattle,Small,>=150000,SQL,Product,2,36
620,AI Researcher,Mid,Bachelor's,Part-time,San Francisco,Small,>=100000,Machine Learning,R&D,3,28
621,Data Scientist,Senior,Master's,Contract,Los Angeles,Small,>=125000,Python,IT,4,50
622,Product Manager,Senior,PhD,Contract,Austin,Medium,>=150000,DevOps,R&D,4,39
623,Data Scientist,Entry,PhD,Full-time,San Jose,Large,>=50000,SQL,HR,5,53
624,Data Engineer,Mid,PhD,Full-time,Austin,Small,>=100000,DevOps,Operations,3,53
625,Web Developer,Senior,Diploma,Full-time,San Jose,Large,>=175000,Deep Learning,HR,5,22
626,System Admin,Mid,Master's,Part-time,Austin,Medium,>=75000,Java,Product,2,29
627,Product Manager,Mid,PhD,Part-time,New York,Large,>=75000,C++,IT,2,32
628,Product Manager,Entry,Bachelor's,Contract,Chicago,Medium,>=50000,Python,Analytics,3,60
629,Data Scientist,Entry,Diploma,Full-time,Boston,Medium,>=50000,C++,Analytics,4,57
630,Product Manager,Entry,Diploma,Full-time,San Jose,Large,>=50000,C++,Product,1,29
631,Data Engineer,Entry,PhD,Part-time,Chicago,Large,>=50000,Data Visualization,Operations,3,32
632,ML Engineer,Mid,PhD,Contract,Boston,Small,>=100000,Deep Learning,Operations,2,48
633,DevOps Engineer,Entry,Diploma,Part-time,Chicago,Large,>=50000,C++,HR,3,37
634,AI Researcher,Mid,Master's,Part-time,San Francisco,Large,>=125000,Project Management,HR,3,36
635,Software Engineer,Entry,Bachelor's,Full-time,Boston,Small,>=50000,C++,R&D,1,53
636,AI Researcher,Mid,Master's,Full-time,Seattle,Medium,>=75000,Cloud,Analytics,4,34
637,Software Engineer,Entry,Bachelor's,Contract,New York,Medium,>=50000,Deep Learning,Analytics,3,24
638,Software Engineer,Senior,Master's,Part-time,Los Angeles,Small,>=150000,SQL,HR,2,39
639,Data Scientist,Senior,Bachelor's,Contract,Los Angeles,Small,>=125000,Machine Learning,IT,4,58
640,Data Engineer,Senior,Diploma,Part-time,San Francisco,Small,>=150000,Project Management,Analytics,1,57
641,Software Engineer,Senior,Diploma,Part-time,San Francisco,Small,>=175000,C++,Analytics,2,42
642,Web Developer,Entry,Bachelor's,Full-time,San Jose,Large,>=50000,C++,HR,4,32
643,DevOps Engineer,Entry,Master's,Part-time,Boston,Small,>=50000,SQL,Analytics,3,49
644,Data Scientist,Senior,PhD,Full-time,Austin,Small,>=150000,Java,Operations,5,36
645,Data Scientist,Entry,Bachelor's,Part-time,Austin,Small,>=75000,Project Management,Operations,2,31
646,AI Researcher,Senior,Bachelor's,Full-time,Seattle,Large,>=150000,Python,Product,3,50
647,Software Engineer,Mid,Bachelor's,Contract,New York,Small,>=100000,Java,Product,2,43
648,ML Engineer,Senior,Master's,Contract,Remote,Large,>=150000,Project Management,IT,5,59
649,Software Engineer,Entry,Diploma,Part-time,Austin,Medium,>=50000,C++,IT,4,34
650,Product Manager,Entry,Bachelor's,Contract,Chicago,Medium,>=50000,DevOps,Product,3,38
651,Web Developer,Mid,PhD,Full-time,Chicago,Small,>=100000,Machine Learning,Product,3,58
652,Data Scientist,Mid,Master's,Part-time,Seattle,Large,>=75000,Data Visualization,HR,4,54
653,Data Engineer,Mid,PhD,Contract,Seattle,Medium,>=75000,Java,Operations,5,37
654,System Admin,Mid,Master's,Full-time,Seattle,Small,>=100000,Project Management,Operations,3,24
655,System Admin,Entry,Bachelor's,Contract,San Jose,Large,>=50000,Java,Product,5,60
656,ML Engineer,Senior,Bachelor's,Contract,San Jose,Large,>=125000,SQL,HR,1,48
657,Data Scientist,Senior,Bachelor's,Contract,Chicago,Large,>=125000,Deep Learning,R&D,2,60
658,Product Manager,Mid,PhD,Contract,Remote,Medium,>=100000,Java,Analytics,4,41
659,Data Analyst,Entry,Master's,Full-time,Seattle,Medium,>=50000,Cloud,Operations,2,23
660,ML Engineer,Entry,Bachelor's,Full-time,San Jose,Large,>=50000,DevOps,Product,4,23
661,Data Scientist,Entry,Diploma,Full-time,New York,Medium,>=50000,Java,R&D,5,57
662,AI Researcher,Senior,PhD,Contract,Remote,Large,>=150000,Data Visualization,IT,3,47
663,ML Engineer,Senior,Diploma,Contract,San Jose,Medium,>=150000,Python,IT,1,39
664,Software Engineer,Senior,Master's,Contract,San Jose,Large,>=125000,Java,Analytics,1,40
665,System Admin,Entry,Master's,Part-time,Chicago,Medium,>=75000,Python,Analytics,5,40
666,Web Developer,Mid,Diploma,Contract,Los Angeles,Medium,>=100000,Python,IT,4,22
667,ML Engineer,Mid,Diploma,Part-time,Seattle,Small,>=125000,Project Management,R&D,3,44
668,AI Researcher,Entry,Bachelor's,Contract,Austin,Small,>=50000,Project Management,Analytics,3,26
669,Data Engineer,Senior,Master's,Part-time,Los Angeles,Medium,>=150000,Data Visualization,Operations,5,53
670,System Admin,Mid,Master's,Full-time,Boston,Medium,>=125000,Data Visualization,IT,4,60
671,System Admin,Senior,Master's,Contract,Austin,Large,>=150000,Machine Learning,R&D,5,41
672,Data Analyst,Senior,Diploma,Full-time,Chicago,Medium,>=150000,Project Management,Analytics,5,38
673,DevOps Engineer,Mid,Master's,Part-time,San Jose,Large,>=75000,Project Management,Product,1,43
674,System Admin,Mid,Bachelor's,Part-time,Austin,Large,>=100000,DevOps,Operations,2,47
675,ML Engineer,Mid,Bachelor's,Contract,Boston,Large,>=100000,Machine Learning,IT,1,56
676,Data Scientist,Entry,PhD,Full-time,Boston,Large,>=50000,SQL,IT,2,40
677,System Admin,Entry,Master's,Full-time,Remote,Medium,>=50000,Project Management,IT,4,38
678,Software Engineer,Mid,Diploma,Part-time,New York,Small,>=100000,Python,R&D,4,41
679,Data Analyst,Mid,Bachelor's,Full-time,Chicago,Small,>=100000,Java,HR,5,57
680,Web Developer,Entry,Master's,Part-time,San Francisco,Medium,>=50000,Java,HR,5,23
681,AI Researcher,Mid,Bachelor's,Full-time,Remote,Small,>=75000,Data Visualization,HR,3,23
682,Product Manager,Mid,PhD,Full-time,New York,Medium,>=75000,Deep Learning,R&D,1,48
683,AI Researcher,Senior,Master's,Full-time,New York,Medium,>=150000,Machine Learning,R&D,2,58
684,Web Developer,Entry,PhD,Full-time,Remote,Large,>=50000,Deep Learning,Analytics,3,55
685,Web Developer,Senior,Bachelor's,Part-time,Seattle,Small,>=150000,Deep Learning,R&D,3,22
686,AI Researcher,Mid,Bachelor's,Contract,Austin,Medium,>=125000,Project Management,HR,2,39
687,Product Manager,Mid,Bachelor's,Part-time,New York,Small,>=75000,Project Management,Analytics,4,40
688,DevOps Engineer,Mid,Master's,Part-time,Los Angeles,Large,>=100000,SQL,HR,2,53
689,Data Scientist,Senior,Diploma,Part-time,Los Angeles,Large,>=150000,Deep Learning,R&D,1,48
690,System Admin,Senior,Bachelor's,Contract,San Francisco,Medium,>=125000,Machine Learning,Analytics,5,47
691,Software Engineer,Mid,PhD,Full-time,Austin,Medium,>=75000,Python,IT,4,28
692,DevOps Engineer,Mid,Bachelor's,Full-time,Boston,Large,>=75000,Python,IT,1,29
693,Software Engineer,Mid,Bachelor's,Full-time,Remote,Medium,>=100000,Machine Learning,HR,3,23
694,Data Analyst,Mid,Diploma,Full-time,New York,Large,>=75000,Machine Learning,Operations,5,29
695,Data Scientist,Senior,PhD,Full-time,Austin,Medium,>=125000,Java,HR,4,60
696,ML Engineer,Senior,Master's,Full-time,Austin,Small,>=125000,Data Visualization,R&D,3,38
697,Product Manager,Entry,PhD,Contract,New York,Large,>=50000,Data Visualization,Analytics,3,31
698,Data Scientist,Entry,Bachelor's,Contract,Austin,Large,>=50000,DevOps,Analytics,3,41
699,Data Analyst,Senior,PhD,Part-time,New York,Medium,>=125000,Project Management,R&D,1,50
700,ML Engineer,Senior,Bachelor's,Contract,Chicago,Large,>=125000,DevOps,Analytics,1,58
701,ML Engineer,Mid,Diploma,Contract,San Jose,Large,>=125000,SQL,R&D,4,54
702,Web Developer,Senior,Diploma,Part-time,Boston,Large,>=125000,C++,IT,2,55
703,AI Researcher,Senior,PhD,Contract,Chicago,Small,>=150000,Data Visualization,Operations,4,43
704,Web Developer,Entry,Diploma,Part-time,Remote,Medium,>=50000,Python,IT,1,43
705,Software Engineer,Mid,PhD,Full-time,Austin,Small,>=75000,Python,IT,5,52
706,Web Developer,Mid,Master's,Part-time,San Francisco,Small,>=75000,Machine Learning,HR,3,24
707,Data Analyst,Senior,PhD,Contract,Seattle,Large,>=125000,DevOps,HR,1,22
708,Data Analyst,Entry,Bachelor's,Contract,New York,Large,>=50000,Java,IT,1,52
709,Software Engineer,Senior,Master's,Full-time,San Jose,Small,>=125000,C++,Operations,3,31
710,Data Engineer,Entry,Bachelor's,Full-time,New York,Medium,>=75000,Cloud,HR,2,35
711,AI Researcher,Senior,Bachelor's,Part-time,Los Angeles,Small,>=125000,Deep Learning,HR,4,33
712,AI Researcher,Mid,Bachelor's,Contract,Remote,Small,>=100000,Machine Learning,R&D,5,27
713,Web Developer,Senior,Bachelor's,Full-time,San Francisco,Large,>=150000,Machine Learning,Analytics,5,26
714,DevOps Engineer,Senior,Bachelor's,Part-time,New York,Large,>=175000,SQL,HR,2,39
715,DevOps Engineer,Entry,Bachelor's,Part-time,Austin,Small,>=50000,Cloud,Operations,5,45
716,Software Engineer,Mid,Bachelor's,Part-time,San Jose,Large,>=75000,C++,HR,4,31
717,ML Engineer,Senior,Master's,Full-time,New York,Small,>=175000,Machine Learning,Product,1,56
718,Product Manager,Senior,Bachelor's,Part-time,Los Angeles,Medium,>=125000,Project Management,IT,4,43
719,AI Researcher,Entry,Diploma,Full-time,New York,Small,>=50000,Deep Learning,HR,3,52
720,System Admin,Entry,Diploma,Contract,Austin,Medium,>=50000,Data Visualization,Analytics,1,27
721,Software Engineer,Mid,PhD,Full-time,New York,Small,>=100000,C++,HR,1,52
722,System Admin,Senior,Bachelor's,Full-time,Austin,Large,>=150000,Cloud,HR,3,44
723,AI Researcher,Mid,Master's,Part-time,Austin,Medium,>=75000,DevOps,Analytics,3,23
724,ML Engineer,Entry,Bachelor's,Full-time,San Jose,Large,>=50000,Project Management,IT,3,35
725,ML Engineer,Mid,PhD,Part-time,Remote,Large,>=125000,Project Management,HR,1,23
726,Product Manager,Mid,Master's,Contract,Seattle,Large,>=100000,SQL,IT,2,60
727,Web Developer,Entry,Master's,Contract,San Jose,Small,>=75000,Machine Learning,Operations,5,55
728,Web Developer,Senior,Bachelor's,Contract,Seattle,Large,>=150000,C++,IT,4,28
729,System Admin,Entry,Master's,Part-time,Remote,Medium,>=50000,Deep Learning,Operations,5,23
730,ML Engineer,Senior,Diploma,Part-time,Remote,Large,>=150000,DevOps,IT,1,22
731,AI Researcher,Mid,Bachelor's,Full-time,Los Angeles,Medium,>=75000,DevOps,Product,1,56
732,AI Researcher,Senior,Diploma,Part-time,Los Angeles,Large,>=150000,Deep Learning,HR,1,48
733,Data Engineer,Entry,Bachelor's,Full-time,New York,Medium,>=75000,Cloud,Operations,5,28
734,ML Engineer,Mid,Bachelor's,Contract,Boston,Medium,>=100000,Project Management,IT,2,55
735,System Admin,Mid,Diploma,Full-time,Remote,Small,>=100000,Python,R&D,4,33
736,Data Scientist,Senior,Master's,Contract,Boston,Medium,>=150000,Deep Learning,Analytics,1,59
737,Web Developer,Senior,Bachelor's,Part-time,Remote,Large,>=125000,Java,Product,2,37
738,DevOps Engineer,Mid,Master's,Part-time,San Francisco,Small,>=75000,Python,Product,3,23
739,DevOps Engineer,Entry,Master's,Full-time,Remote,Small,>=50000,Deep Learning,HR,5,33
740,System Admin,Entry,Master's,Contract,Los Angeles,Medium,>=50000,Machine Learning,Product,1,45
741,Web Developer,Mid,Bachelor's,Contract,San Francisco,Small,>=75000,DevOps,Operations,2,47
742,Software Engineer,Senior,Master's,Full-time,Remote,Small,>=125000,Java,HR,3,25
743,Product Manager,Mid,PhD,Full-time,Los Angeles,Large,>=100000,Project Management,IT,1,52
744,ML Engineer,Senior,Bachelor's,Contract,Seattle,Medium,>=125000,C++,Product,3,51
745,Web Developer,Mid,Diploma,Part-time,Boston,Small,>=75000,Project Management,Product,2,40
746,Data Scientist,Entry,Diploma,Full-time,Austin,Large,>=50000,Java,HR,1,30
747,DevOps Engineer,Senior,PhD,Full-time,San Jose,Medium,>=125000,SQL,R&D,1,25
748,Data Engineer,Mid,Master's,Full-time,New York,Small,>=100000,Project Management,HR,3,29
749,System Admin,Entry,Bachelor's,Part-time,Remote,Large,>=50000,Python,IT,3,45
750,AI Researcher,Mid,PhD,Full-time,Austin,Small,>=125000,Machine Learning,Operations,5,30
751,Data Analyst,Mid,Bachelor's,Full-time,San Francisco,Large,>=100000,C++,Product,3,29
752,System Admin,Mid,Bachelor's,Contract,Austin,Medium,>=75000,C++,Analytics,2,41
753,Product Manager,Entry,PhD,Contract,Chicago,Medium,>=50000,Data Visualization,R&D,2,23
754,DevOps Engineer,Senior,Master's,Part-time,Seattle,Medium,>=175000,DevOps,R&D,2,59
755,ML Engineer,Entry,Master's,Part-time,New York,Small,>=50000,Python,Operations,5,53
756,Data Scientist,Mid,PhD,Full-time,New York,Medium,>=100000,C++,Operations,5,33
757,DevOps Engineer,Entry,Master's,Full-time,Boston,Medium,>=50000,SQL,Operations,4,36
758,Data Analyst,Entry,Master's,Full-time,Los Angeles,Medium,>=75000,Machine Learning,HR,5,28
759,AI Researcher,Mid,PhD,Contract,New York,Large,>=75000,Project Management,Product,5,51
760,Data Analyst,Senior,Master's,Part-time,San Francisco,Small,>=150000,Project Management,Analytics,5,54
761,Data Engineer,Entry,Diploma,Contract,Boston,Large,>=50000,Java,IT,3,54
762,Data Engineer,Mid,PhD,Full-time,Seattle,Large,>=75000,Deep Learning,IT,3,37
763,Data Analyst,Entry,PhD,Contract,Chicago,Medium,>=50000,Java,R&D,4,27
764,Software Engineer,Senior,PhD,Part-time,Los Angeles,Small,>=150000,Python,Operations,1,55
765,Data Scientist,Mid,Master's,Full-time,Seattle,Large,>=75000,Data Visualization,Operations,3,46
766,DevOps Engineer,Entry,Master's,Contract,New York,Large,>=50000,Project Management,HR,5,24
767,DevOps Engineer,Entry,Diploma,Full-time,New York,Medium,>=50000,Project Management,Product,3,36
768,AI Researcher,Mid,Bachelor's,Full-time,Boston,Small,>=75000,Data Visualization,Operations,5,51
769,Data Scientist,Senior,Master's,Part-time,Los Angeles,Medium,>=150000,Cloud,Analytics,3,56
770,ML Engineer,Senior,Bachelor's,Full-time,Boston,Large,>=175000,Project Management,Product,2,55
771,Data Scientist,Mid,PhD,Contract,San Jose,Medium,>=125000,Project Management,HR,5,44
772,Data Scientist,Senior,PhD,Contract,New York,Medium,>=150000,DevOps,HR,3,51
773,ML Engineer,Entry,Diploma,Part-time,San Jose,Small,>=50000,Machine Learning,Product,2,43
774,System Admin,Mid,Master's,Full-time,Chicago,Small,>=75000,SQL,Operations,5,51
775,Web Developer,Mid,Master's,Full-time,San Jose,Large,>=75000,Machine Learning,IT,5,40
776,System Admin,Senior,Bachelor's,Part-time,Chicago,Small,>=125000,Deep Learning,IT,3,39
777,AI Researcher,Senior,PhD,Contract,Boston,Medium,>=125000,C++,HR,3,29
778,Data Scientist,Entry,PhD,Contract,Seattle,Medium,>=50000,Deep Learning,Product,5,23
779,AI Researcher,Senior,PhD,Full-time,Boston,Medium,>=125000,Machine Learning,Operations,4,33
780,Data Scientist,Entry,PhD,Contract,Los Angeles,Large,>=75000,Java,R&D,4,31
781,Data Engineer,Senior,Diploma,Full-time,Austin,Large,>=125000,Python,Product,2,51
782,Product Manager,Mid,Diploma,Part-time,New York,Medium,>=100000,Deep Learning,Product,5,49
783,AI Researcher,Entry,Bachelor's,Full-time,Los Angeles,Medium,>=50000,Project Management,R&D,3,54
784,AI Researcher,Senior,Diploma,Part-time,Boston,Medium,>=175000,Data Visualization,Product,4,33
785,Data Analyst,Mid,Bachelor's,Contract,Seattle,Large,>=75000,C++,Analytics,1,26
786,ML Engineer,Senior,Diploma,Contract,Los Angeles,Small,>=125000,Deep Learning,IT,1,43
787,System Admin,Senior,Bachelor's,Contract,Boston,Large,>=125000,Data Visualization,Product,1,35
788,Data Engineer,Senior,Diploma,Contract,Boston,Medium,>=150000,Python,Operations,4,23
789,Data Scientist,Senior,Master's,Part-time,San Jose,Small,>=175000,Data Visualization,Operations,2,59
790,Data Scientist,Mid,PhD,Full-time,New York,Large,>=75000,Data Visualization,Product,5,28
791,System Admin,Entry,Diploma,Contract,Boston,Small,>=50000,Java,R&D,4,53
792,Software Engineer,Mid,PhD,Full-time,San Jose,Small,>=100000,Cloud,Analytics,3,57
793,System Admin,Senior,Master's,Full-time,Chicago,Medium,>=125000,Java,Analytics,2,58
794,DevOps Engineer,Entry,Bachelor's,Part-time,Chicago,Medium,>=50000,C++,Operations,4,43
795,Product Manager,Senior,Diploma,Part-time,Chicago,Medium,>=175000,DevOps,R&D,1,39
796,Data Scientist,Entry,Master's,Contract,Austin,Large,>=50000,Data Visualization,HR,2,24
797,Data Analyst,Senior,PhD,Contract,Austin,Medium,>=175000,Java,Analytics,2,52
798,Web Developer,Senior,Master's,Part-time,Remote,Small,>=150000,Project Management,Product,1,28
799,Product Manager,Entry,PhD,Contract,San Francisco,Small,>=50000,Cloud,Operations,1,28
800,Data Engineer,Entry,Master's,Contract,Boston,Medium,>=75000,Machine Learning,Analytics,3,27
801,Data Analyst,Senior,Bachelor's,Part-time,Los Angeles,Medium,>=125000,Machine Learning,R&D,2,25
802,Data Engineer,Mid,Master's,Full-time,Austin,Medium,>=75000,C++,IT,3,44
803,Data Scientist,Mid,Bachelor's,Contract,Remote,Medium,>=100000,Project Management,Product,5,33
804,Data Engineer,Senior,Master's,Part-time,New York,Large,>=125000,C++,Operations,4,55
805,ML Engineer,Mid,Master's,Part-time,Los Angeles,Medium,>=100000,Java,Analytics,5,50
806,AI Researcher,Entry,Master's,Part-time,Austin,Small,>=75000,Cloud,R&D,1,37
807,Data Scientist,Entry,Master's,Part-time,Remote,Small,>=50000,Machine Learning,Operations,4,26
808,DevOps Engineer,Senior,PhD,Part-time,Austin,Medium,>=150000,Python,IT,3,49
809,Data Scientist,Mid,Master's,Full-time,Remote,Large,>=75000,Python,R&D,3,57
810,Web Developer,Senior,Diploma,Part-time,San Jose,Medium,>=150000,Cloud,IT,5,37
811,Product Manager,Entry,Bachelor's,Contract,San Francisco,Small,>=50000,Deep Learning,Analytics,5,53
812,Data Engineer,Mid,Bachelor's,Part-time,Remote,Medium,>=75000,Project Management,Product,3,47
813,DevOps Engineer,Mid,PhD,Part-time,Chicago,Small,>=75000,Java,IT,2,46
814,ML Engineer,Mid,PhD,Contract,Boston,Medium,>=100000,Data Visualization,Analytics,4,31
815,System Admin,Mid,Diploma,Full-time,Remote,Medium,>=100000,Data Visualization,R&D,5,41
816,Data Analyst,Mid,Bachelor's,Contract,San Jose,Medium,>=100000,Machine Learning,Analytics,5,57
817,ML Engineer,Senior,PhD,Contract,Seattle,Small,>=125000,SQL,Analytics,1,43
818,ML Engineer,Senior,PhD,Contract,San Jose,Medium,>=150000,Machine Learning,Analytics,2,47
819,AI Researcher,Senior,Master's,Contract,Seattle,Large,>=150000,C++,Operations,4,28
820,Data Scientist,Entry,PhD,Full-time,New York,Small,>=50000,Machine Learning,HR,5,33
821,Data Analyst,Senior,PhD,Contract,Chicago,Small,>=125000,DevOps,IT,4,48
822,Web Developer,Mid,Diploma,Contract,Remote,Medium,>=75000,C++,Product,5,29
823,Product Manager,Mid,Bachelor's,Contract,Chicago,Medium,>=75000,SQL,R&D,3,56
824,DevOps Engineer,Entry,Diploma,Contract,San Jose,Small,>=50000,SQL,Operations,3,60
825,AI Researcher,Entry,Bachelor's,Contract,Los Angeles,Small,>=50000,Deep Learning,Analytics,1,56
826,System Admin,Mid,PhD,Full-time,Boston,Large,>=125000,Cloud,HR,2,57
827,Web Developer,Mid,Diploma,Full-time,Boston,Large,>=100000,Python,R&D,5,22
828,Product Manager,Mid,Diploma,Contract,Austin,Small,>=75000,Deep Learning,R&D,5,60
829,DevOps Engineer,Senior,Master's,Full-time,San Jose,Large,>=150000,Deep Learning,HR,2,53
830,Data Engineer,Mid,Diploma,Part-time,Seattle,Large,>=100000,Cloud,R&D,2,25
831,DevOps Engineer,Mid,Master's,Contract,Remote,Small,>=100000,Project Management,Product,1,38
832,Software Engineer,Mid,PhD,Full-time,San Francisco,Large,>=75000,Machine Learning,HR,1,30
833,AI Researcher,Entry,Diploma,Part-time,San Francisco,Large,>=50000,Cloud,Operations,1,44
834,AI Researcher,Entry,Bachelor's,Full-time,San Jose,Large,>=50000,C++,Product,5,37
835,DevOps Engineer,Senior,PhD,Contract,New York,Small,>=150000,Project Management,Analytics,2,43
836,Data Scientist,Mid,Master's,Part-time,Chicago,Large,>=75000,Deep Learning,Product,1,26
837,System Admin,Entry,PhD,Contract,New York,Large,>=50000,Machine Learning,Product,2,50
838,DevOps Engineer,Mid,Bachelor's,Part-time,New York,Medium,>=75000,Cloud,Operations,2,48
839,ML Engineer,Entry,PhD,Part-time,Los Angeles,Large,>=50000,Java,Analytics,3,34
840,Data Analyst,Senior,Diploma,Full-time,Los Angeles,Medium,>=150000,SQL,R&D,5,36
841,Software Engineer,Senior,Bachelor's,Full-time,Boston,Medium,>=125000,Python,IT,1,32
842,Web Developer,Senior,Bachelor's,Full-time,Austin,Medium,>=150000,SQL,Analytics,2,60
843,Data Engineer,Entry,Bachelor's,Part-time,Los Angeles,Large,>=50000,Machine Learning,Analytics,2,56
844,Data Engineer,Entry,Diploma,Full-time,Chicago,Medium,>=50000,Machine Learning,Analytics,4,45
845,Software Engineer,Senior,Diploma,Full-time,Los Angeles,Medium,>=125000,Java,Operations,3,49
846,System Admin,Senior,Bachelor's,Contract,Chicago,Medium,>=150000,Deep Learning,IT,4,53
847,Data Scientist,Entry,PhD,Contract,New York,Large,>=50000,Data Visualization,R&D,1,38
848,Data Analyst,Mid,Bachelor's,Full-time,Seattle,Large,>=75000,C++,Analytics,1,50
849,Data Engineer,Mid,Diploma,Part-time,Los Angeles,Small,>=100000,Project Management,Product,3,59
850,System Admin,Entry,PhD,Contract,Seattle,Small,>=50000,Python,Product,1,53
851,ML Engineer,Mid,Master's,Part-time,San Francisco,Medium,>=100000,Java,Analytics,3,33
852,Product Manager,Mid,Diploma,Full-time,Austin,Large,>=100000,Data Visualization,Operations,5,32
853,AI Researcher,Mid,Master's,Part-time,Boston,Large,>=100000,C++,Analytics,5,55
854,Web Developer,Mid,Bachelor's,Part-time,Los Angeles,Large,>=100000,Java,IT,1,44
855,Web Developer,Senior,Bachelor's,Contract,San Jose,Medium,>=175000,C++,R&D,3,40
856,Product Manager,Mid,Bachelor's,Part-time,Chicago,Large,>=75000,Python,Analytics,4,46
857,DevOps Engineer,Entry,PhD,Full-time,Remote,Large,>=50000,Deep Learning,Operations,4,40
858,DevOps Engineer,Senior,Diploma,Part-time,Seattle,Large,>=150000,Project Management,IT,2,52
859,System Admin,Entry,Diploma,Part-time,San Francisco,Large,>=50000,Java,Operations,5,44
860,Product Manager,Senior,PhD,Part-time,Chicago,Large,>=125000,Machine Learning,Product,3,36
861,Data Scientist,Entry,Master's,Full-time,Los Angeles,Medium,>=50000,Data Visualization,Operations,1,53
862,Product Manager,Entry,Diploma,Contract,Austin,Medium,>=75000,Java,Product,3,28
863,Data Analyst,Mid,PhD,Part-time,Chicago,Medium,>=100000,Deep Learning,R&D,4,31
864,System Admin,Entry,Diploma,Contract,Austin,Large,>=75000,Python,Operations,4,31
865,DevOps Engineer,Mid,Bachelor's,Full-time,New York,Medium,>=100000,Data Visualization,Analytics,2,29
866,Data Engineer,Mid,Diploma,Contract,Seattle,Medium,>=75000,Project Management,Analytics,1,29
867,DevOps Engineer,Mid,Diploma,Part-time,San Jose,Large,>=75000,Data Visualization,IT,3,29
868,Data Engineer,Mid,Bachelor's,Full-time,Los Angeles,Medium,>=100000,Machine Learning,Operations,2,24
869,Data Analyst,Mid,Bachelor's,Full-time,Remote,Small,>=100000,Java,R&D,5,35
870,Data Analyst,Mid,Master's,Contract,New York,Large,>=125000,Cloud,Operations,1,56
871,DevOps Engineer,Mid,PhD,Full-time,Seattle,Large,>=75000,Data Visualization,Product,1,30
872,AI Researcher,Senior,PhD,Full-time,San Jose,Medium,>=150000,Python,IT,1,53
873,AI Researcher,Entry,Diploma,Contract,Austin,Large,>=50000,Machine Learning,R&D,5,27
874,Software Engineer,Entry,PhD,Full-time,Los Angeles,Large,>=50000,Data Visualization,IT,2,53
875,Data Analyst,Mid,Master's,Contract,Remote,Small,>=125000,Data Visualization,R&D,2,43
876,Product Manager,Mid,Master's,Contract,San Francisco,Large,>=75000,Python,HR,5,57
877,System Admin,Mid,Master's,Part-time,New York,Small,>=100000,C++,Analytics,5,57
878,Web Developer,Senior,PhD,Full-time,New York,Medium,>=150000,C++,Product,5,26
879,Data Scientist,Entry,PhD,Full-time,Remote,Large,>=50000,DevOps,Analytics,2,36
880,Data Scientist,Entry,Bachelor's,Full-time,Seattle,Medium,>=75000,Java,R&D,3,43
881,Web Developer,Mid,PhD,Part-time,New York,Small,>=100000,Deep Learning,Analytics,3,52
882,System Admin,Mid,Diploma,Part-time,Chicago,Medium,>=75000,Project Management,R&D,1,51
883,Data Scientist,Entry,Master's,Full-time,Seattle,Large,>=50000,Data Visualization,Operations,2,49
884,DevOps Engineer,Mid,Diploma,Contract,San Jose,Large,>=125000,Deep Learning,HR,1,28
885,Data Scientist,Mid,PhD,Part-time,Chicago,Small,>=100000,DevOps,Operations,5,41
886,Product Manager,Mid,PhD,Contract,San Francisco,Medium,>=75000,Data Visualization,R&D,5,24
887,Data Analyst,Entry,Master's,Contract,Remote,Medium,>=50000,Cloud,R&D,4,47
888,Software Engineer,Senior,PhD,Part-time,Seattle,Small,>=125000,Deep Learning,R&D,1,38
889,Data Analyst,Entry,Bachelor's,Full-time,New York,Small,>=50000,C++,HR,4,27
890,System Admin,Entry,Bachelor's,Full-time,San Francisco,Small,>=50000,C++,HR,1,55
891,Web Developer,Senior,PhD,Full-time,Boston,Small,>=150000,Cloud,Operations,1,39
892,AI Researcher,Entry,Diploma,Full-time,Austin,Large,>=50000,Data Visualization,Analytics,5,40
893,DevOps Engineer,Mid,PhD,Contract,Remote,Small,>=100000,Java,IT,3,40
894,Software Engineer,Senior,Diploma,Contract,San Francisco,Small,>=150000,Deep Learning,HR,5,47
895,Software Engineer,Mid,Master's,Contract,Los Angeles,Large,>=75000,Project Management,IT,1,40
896,Software Engineer,Mid,PhD,Contract,San Francisco,Medium,>=100000,C++,Product,2,54
897,ML Engineer,Senior,Diploma,Contract,New York,Large,>=150000,Data Visualization,R&D,4,50
898,Data Analyst,Mid,Bachelor's,Full-time,San Francisco,Small,>=100000,Java,IT,2,35
899,System Admin,Mid,Diploma,Part-time,San Francisco,Medium,>=75000,C++,Analytics,2,57
900,Software Engineer,Senior,PhD,Full-time,Austin,Medium,>=125000,Project Management,IT,1,34
901,AI Researcher,Mid,PhD,Contract,Seattle,Small,>=100000,Machine Learning,Analytics,4,33
902,AI Researcher,Mid,Diploma,Contract,San Jose,Medium,>=100000,DevOps,Operations,4,59
903,AI Researcher,Mid,Diploma,Contract,Remote,Small,>=75000,Deep Learning,Analytics,2,47
904,Web Developer,Senior,PhD,Part-time,Chicago,Large,>=150000,Project Management,Operations,2,33
905,AI Researcher,Mid,Diploma,Contract,Austin,Large,>=100000,Cloud,Product,2,22
906,System Admin,Senior,Diploma,Part-time,Seattle,Medium,>=150000,Cloud,Analytics,2,27
907,System Admin,Senior,PhD,Contract,San Jose,Small,>=150000,Cloud,R&D,1,46
908,Data Analyst,Entry,Master's,Contract,New York,Medium,>=50000,Python,Operations,2,60
909,Product Manager,Senior,PhD,Contract,San Jose,Small,>=125000,Deep Learning,Product,2,29
910,System Admin,Senior,Bachelor's,Part-time,Austin,Medium,>=150000,Project Management,R&D,5,51
911,Web Developer,Senior,Bachelor's,Part-time,San Jose,Medium,>=125000,Java,Product,1,31
912,Product Manager,Mid,Bachelor's,Contract,Austin,Small,>=125000,Python,R&D,2,32
913,DevOps Engineer,Mid,Bachelor's,Full-time,Chicago,Medium,>=100000,Java,Product,2,23
914,Data Scientist,Senior,PhD,Full-time,Chicago,Large,>=125000,Project Management,HR,2,50
915,Data Engineer,Senior,Master's,Part-time,Chicago,Medium,>=150000,C++,Operations,5,59
916,Data Scientist,Entry,Diploma,Contract,Los Angeles,Small,>=50000,C++,Product,2,46
917,Product Manager,Mid,PhD,Full-time,San Jose,Small,>=125000,SQL,IT,2,41
918,Web Developer,Senior,Master's,Full-time,Los Angeles,Large,>=150000,Data Visualization,R&D,3,31
919,Software Engineer,Senior,Bachelor's,Part-time,Chicago,Small,>=150000,SQL,R&D,1,49
920,Product Manager,Mid,PhD,Contract,San Francisco,Small,>=100000,Cloud,HR,1,30
921,Data Engineer,Entry,Bachelor's,Full-time,Remote,Medium,>=50000,Deep Learning,Analytics,4,26
922,ML Engineer,Senior,Diploma,Part-time,Austin,Large,>=125000,Python,Product,3,49
923,Data Scientist,Entry,Bachelor's,Part-time,San Francisco,Small,>=50000,Python,Product,1,45
924,ML Engineer,Mid,Bachelor's,Contract,Los Angeles,Medium,>=100000,Project Management,IT,1,38
925,Product Manager,Entry,Diploma,Full-time,San Francisco,Medium,>=50000,Python,Analytics,5,27
926,ML Engineer,Entry,PhD,Part-time,Austin,Large,>=75000,Deep Learning,IT,1,24
927,Product Manager,Senior,Master's,Contract,Austin,Large,>=125000,SQL,Product,5,41
928,DevOps Engineer,Mid,Diploma,Contract,San Francisco,Medium,>=100000,Project Management,Product,5,32
929,ML Engineer,Senior,PhD,Contract,Chicago,Medium,>=150000,Cloud,Analytics,5,47
930,Data Analyst,Entry,Bachelor's,Full-time,Los Angeles,Small,>=75000,Python,IT,5,35
931,DevOps Engineer,Senior,Diploma,Part-time,Remote,Large,>=175000,Cloud,R&D,1,52
932,Data Analyst,Senior,Master's,Full-time,Los Angeles,Small,>=150000,SQL,HR,4,29
933,Data Analyst,Senior,Diploma,Contract,Remote,Large,>=150000,Machine Learning,Operations,5,30
934,Software Engineer,Mid,PhD,Full-time,Boston,Small,>=100000,Machine Learning,IT,4,59
935,System Admin,Senior,Diploma,Full-time,San Francisco,Small,>=175000,Cloud,IT,5,34
936,Data Engineer,Senior,Diploma,Full-time,San Jose,Medium,>=150000,SQL,IT,5,25
937,Software Engineer,Mid,Bachelor's,Part-time,New York,Medium,>=125000,SQL,IT,5,42
938,AI Researcher,Senior,Bachelor's,Contract,San Jose,Large,>=175000,DevOps,Analytics,4,51
939,Software Engineer,Mid,Bachelor's,Full-time,Chicago,Large,>=75000,Python,R&D,5,55
940,Data Scientist,Entry,Master's,Part-time,San Jose,Large,>=50000,SQL,Operations,4,49
941,Product Manager,Entry,Diploma,Full-time,New York,Small,>=50000,Machine Learning,Operations,3,24
942,Data Engineer,Mid,Diploma,Full-time,Los Angeles,Small,>=100000,DevOps,IT,2,52
943,AI Researcher,Mid,PhD,Full-time,Boston,Small,>=100000,Deep Learning,Analytics,1,28
944,Product Manager,Entry,Diploma,Contract,Chicago,Small,>=50000,Python,Analytics,2,53
945,Product Manager,Senior,Diploma,Part-time,New York,Small,>=125000,Project Management,Analytics,2,44
946,Data Analyst,Entry,PhD,Part-time,Seattle,Small,>=50000,DevOps,Analytics,1,22
947,Software Engineer,Entry,Diploma,Contract,New York,Medium,>=50000,Project Management,R&D,2,52
948,Data Scientist,Entry,Bachelor's,Full-time,Boston,Medium,>=75000,Project Management,R&D,5,23
949,ML Engineer,Mid,PhD,Full-time,San Jose,Small,>=100000,Python,Operations,1,31
950,Web Developer,Mid,Bachelor's,Part-time,San Jose,Large,>=75000,Python,IT,5,40
951,System Admin,Mid,Master's,Part-time,San Francisco,Large,>=100000,Project Management,Operations,3,57
952,Software Engineer,Mid,Master's,Full-time,Boston,Large,>=75000,Data Visualization,Operations,2,51
953,Product Manager,Entry,Master's,Contract,Austin,Small,>=50000,Machine Learning,Operations,2,47
954,ML Engineer,Entry,Master's,Contract,San Jose,Medium,>=50000,Project Management,IT,5,48
955,System Admin,Senior,PhD,Full-time,New York,Medium,>=150000,SQL,R&D,1,57
956,DevOps Engineer,Senior,PhD,Full-time,San Jose,Large,>=125000,Cloud,Product,4,34
957,Data Engineer,Entry,Bachelor's,Full-time,Austin,Large,>=50000,Python,Analytics,5,57
958,Software Engineer,Entry,Diploma,Part-time,Los Angeles,Large,>=50000,Machine Learning,R&D,2,59
959,Data Scientist,Entry,Bachelor's,Full-time,Remote,Large,>=50000,DevOps,Product,2,50
960,Web Developer,Entry,Bachelor's,Full-time,Chicago,Large,>=50000,Data Visualization,Product,5,24
961,ML Engineer,Entry,PhD,Full-time,Los Angeles,Large,>=50000,DevOps,Operations,1,35
962,ML Engineer,Entry,Master's,Full-time,Boston,Medium,>=50000,Cloud,IT,1,57
963,System Admin,Entry,PhD,Contract,Boston,Large,>=50000,SQL,HR,1,43
964,Data Analyst,Mid,Bachelor's,Full-time,San Francisco,Large,>=125000,Cloud,IT,1,40
965,ML Engineer,Mid,PhD,Contract,Seattle,Large,>=100000,SQL,HR,3,32
966,ML Engineer,Senior,Bachelor's,Full-time,Boston,Medium,>=150000,Project Management,Operations,3,24
967,Software Engineer,Entry,Master's,Full-time,New York,Medium,>=75000,Data Visualization,Operations,4,51
968,System Admin,Mid,Diploma,Part-time,Seattle,Medium,>=100000,SQL,IT,5,49
969,AI Researcher,Entry,Master's,Contract,Seattle,Small,>=50000,Deep Learning,R&D,3,38
970,Software Engineer,Mid,Diploma,Full-time,Boston,Medium,>=75000,Project Management,Product,4,44
971,Data Scientist,Entry,Bachelor's,Part-time,San Francisco,Large,>=50000,Java,R&D,4,44
972,ML Engineer,Mid,Bachelor's,Part-time,Boston,Small,>=75000,Data Visualization,R&D,1,27
973,Data Scientist,Entry,PhD,Part-time,Chicago,Small,>=50000,Project Management,HR,3,47
974,AI Researcher,Mid,PhD,Full-time,San Francisco,Medium,>=100000,Project Management,R&D,3,27
975,ML Engineer,Entry,Bachelor's,Contract,Los Angeles,Small,>=50000,DevOps,Analytics,3,48
976,Product Manager,Mid,PhD,Full-time,San Jose,Small,>=75000,Data Visualization,Operations,3,34
977,ML Engineer,Senior,Diploma,Contract,Boston,Small,>=150000,Java,Analytics,1,23
978,DevOps Engineer,Senior,Master's,Full-time,San Francisco,Large,>=150000,Java,Operations,5,33
979,Data Engineer,Senior,Diploma,Part-time,Remote,Medium,>=150000,Machine Learning,Product,5,59
980,AI Researcher,Entry,PhD,Contract,Seattle,Medium,>=50000,Java,HR,2,53
981,Data Engineer,Entry,PhD,Contract,Chicago,Medium,>=50000,Java,Analytics,3,46
982,Software Engineer,Entry,PhD,Full-time,Remote,Large,>=50000,DevOps,Product,5,48
983,Web Developer,Senior,PhD,Full-time,San Francisco,Large,>=125000,DevOps,Product,1,29
984,ML Engineer,Senior,PhD,Part-time,Chicago,Large,>=150000,Data Visualization,Operations,2,44
985,Data Engineer,Senior,Diploma,Part-time,Austin,Medium,>=150000,DevOps,R&D,1,34
986,System Admin,Senior,Bachelor's,Part-time,San Jose,Small,>=150000,SQL,HR,3,45
987,Product Manager,Mid,PhD,Full-time,San Francisco,Medium,>=125000,Python,IT,3,31
988,Data Scientist,Mid,PhD,Contract,Remote,Large,>=75000,Java,HR,4,29
989,Data Analyst,Mid,Diploma,Contract,San Jose,Large,>=75000,Java,R&D,1,47
990,Data Scientist,Mid,Master's,Contract,Boston,Large,>=100000,SQL,R&D,5,40
991,Data Engineer,Mid,PhD,Full-time,San Francisco,Small,>=75000,Cloud,Product,1,33
992,DevOps Engineer,Entry,Diploma,Full-time,Austin,Large,>=50000,DevOps,Operations,2,54
993,Data Engineer,Senior,PhD,Contract,New York,Large,>=150000,Cloud,IT,5,24
994,DevOps Engineer,Mid,PhD,Part-time,Boston,Large,>=75000,DevOps,Analytics,3,60
995,ML Engineer,Mid,Diploma,Full-time,Chicago,Large,>=75000,Deep Learning,IT,1,50
996,Data Analyst,Mid,PhD,Full-time,Remote,Small,>=75000,Java,R&D,3,30
997,Web Developer,Entry,Bachelor's,Contract,San Jose,Small,>=50000,Data Visualization,Product,5,25
998,Software Engineer,Senior,PhD,Contract,Chicago,Medium,>=150000,Machine Learning,Analytics,3,44
999,Data Analyst,Senior,Bachelor's,Contract,San Francisco,Medium,>=150000,Java,Operations,4,28
1000,Product Manager,Entry,Diploma,Part-time,Seattle,Medium,>=50000,Cloud,Operations,4,44
